Emp No,Device Token,newToken
1,2391C43A4C815BACD0B55C8E4AA8C8EDDBE54E65CA0F8F430E3EA102C20E2BAD627B22EBB4F05879EE04657697F36618B6AC8112FA7538C5DF21949BBDEAGDEUWFEWIFWIFWFWNK,D0EI52Judu2YZuIxbGiXow1vvPSq9uGrakJD8Z4Pf8jyLaWlOvWRDw0eaZcIj67u1cmZTvdg4femmganSrYV54Gq12b2e9DNFOvAbNaV0GhGif4gY3T5WtpfbXO0GIX9vNM6CfFbI4u3Ill3IqC4GrlLG1uBTSoAgZgWr9MFdoVwZIaXKBoe4cY7KWwdotZFcC6meM0uGX77RNoVTRFdafnlnWODABi4JoC
2,2391C43A4C815BACD0B55C8E4AA8C8EDDBE54E65CA0F8F430E3EA102C20E2BAD627B22EBB4F05879EE04657697F36618B6AC8112FA7538C5DF21949FREFBBAGDEUWFEWIFWIFWFWNL,6JQCvp54kEKLjjIyCN97PUsPMr2BUvSSYvyDj2et2aAk6znUMa1dwoe11FDyQVoLeXRgkOrsGnmQ3bljaCp89WuXOYPBlW1EOrnVlU7lwmRbdZni0LreYXNRFGC1QCoAcPArfyUPvpJcIH5nnVuRVC6JWkNFdG3DlLC8WJaSY4a4b0mmCFb0CIXaoGFFb7q7Ye5rLc2gXNKL9VSLElM7pLycqBAEVvYVlsnBKP4Isn8v1N1ILh5O4
3,2391C43A4C815BACD0B55C8E4AA8C8EDDBE54E65CA0F8F430E3EA102C20E2BAD627B22EBB4F05879EE04657697F36618B6AC8112FA7538C5DF21949BFEFERBAGDEUWFEWIFWIFWFWM,pS1Hu8q33FjJlYgWgrXJNup2h3kkkGyaDRuAtFzxXsxsWQvGSEnPzHm7XfgMI4XdLcA2MJo5Wj2Hzm1uTsh2Mo7MJfAN4vHZdryEGuBRZQiO87hVl1px33xMjDHGP1Y9d1WsfhTUATtC3CMI9YAEwT1S5r3NRJB2z6jFqv16OasbZZ5sW44RSDao8pKm2qNWFgD
5,G6w5V6QYJmlHWdoYSXL83O5nRDRjG9yWXT0OTkx1DzD6h1bXQYSrCwjuHV8KHeEoxeVCa4hw6RL8Wr5L8dHk4Bf3SXsc8ilsntpr4yB0Is7b7Rq9IlE0vHQNgMvejIxWyoZv1AZvlCTkVjTol4IBo2TWaVgF7QKi7X5WPf,9NwuFFh6x84ZS8J9pFyqX65nADuSCVqR2bkoqw11KfDw4zyBuo4WvMWpAXRlj7xVEh02FLOpgc0FFT1TX8xgGpPxfWZHhJoSnhYgFGNQdJDROrzgJ4V8tRpETiODEv3Q9L5dBHQbzZNE8I41OIQHvlc1aC68jqhsbS6FZBRNu5dZZgG5C
5,cpwtpv1QbQFVIS3ry4gkFFket0dMvEt1Y5kvTlpzJjf29PJE6Jlx9bPxHIrBM939OGof9oM0i1Sn8H4R46l5fQ4utizI0g7h0WyLMjJ0g4urkCXohldlR1x0HpN5VyVqVaYBpvkD3eQvZpJ8Ae2dhP4Pjv1TVogbBskLsoxkrEYpT7jiBpt0CvJXNcR0Pknnh5qc1FGvZPVLgmkhm6nIgpvb,7f1hHRGTY5Sn56pZX4r9n6Q15eCz00dHXeJoOYluOmZdADUry4kd1llIzttE6HPwBbsn0lkhse4KaOCVJhvjMmuDGNVsfR8LOZDa2HtAaBBZcsfMqJyekgIxKy7ikT6tkhmxlFcebWpmv1CK1Z7RPqNHmd47Q61voUFYaL5k32y5Qi7NkTMc15dQZ3dHztKzDzK3NdZrGH9VMnFuVenCT0bbxKD35Bii5ejYrzjQH2dSY
6,XOb4UX850n09t1eRcD05wNOsMb9mKCuJXJN9IbvRw47QHr4NmNniU7PYCegoqYEyV89KFtZwFJZuQCDJzs0gk9O8TE04Ctkh9MtAAuKdwgKMPRMBfiVKXxgnoJJAOALAummV29l4qRaeSXEX3eq0i57w8C1x5JfXz55fWlRVkGVA7T3x1iGp9tX1DxMCyCtCrMGX07p,9PVUJyHwI38LKQTb3RqOhiVrcdq16c3mxSET3lV3mZvAPdcaaov5M46zn3L74X119rHq7lYy9Y0S4nHC5E1bBH2gK3xJlXKLVQkMjY95VY5HCRvjEGkOalELiPn9Ca5i0gqD0mEVZExjjU0oxpzDiVbPWV08jC12yywUwTkOPVf1ety2J5ql7mB9hUPKcLUbTBVYs5ObkajDY7y
7,wslJxKhwlo70TLUonIza0wDLXJIsHHlmibGQiMV4AmWWLT4mub19P3r6f2A5GvBzXCaIqZpQEeVzSrcx3F81y2nl4wjezu5u4A44MM8jgeyxazG27MciJT1DbgvA3IfFUfVq0Z5VNtJ2ILYIOCMpwdws4TXjQFFxHGVxyygfYvGXurITqT3QfGZaPh3OrV1Deq0OAB8mYiByd0Nysy8AnU1evRHfAOAMBBG6,z2VCImIg2o8kQQVBlDkw4tHEvbkIQf0wxnbpMxfLc8cwqNZDVPbJLolx7irt5FaSXKhAEJoYtTIT696MLYLTeAH8Ah9DkVzAobH8tOhPuQxOHchFQffCfTTBWD7Z8zBsLKxjopZZK3xJusy5nkkWzn8RtAdO8H1WUSi5TZ9uzSvv9eDT1vRri7i
8,k0IlOMSOQQkiJLLfYtRx1lcN3XFt9kxRlas9ueWUVLn7Jy4QSNPUTe0rm3s9QIRNC5DOhyqIKOpVy6QuGJhlbmxWSuldHPPp3hiJDnLHuTKrv0HOopiUoPHGkogbGENjpQPshRyMtZTucH84,MORzZXKPGpN9NoU8b0c2sCCXPUfa6hb2tAjkqHesNp3RtcXzN5hUbUKRReN6gBKcWMoLeGA6ze977Vb9PknTcx10Ulsiu0Pbw97YeoXWlo5IWautCuOyD7QwMqpzAekj92hFONBgGIvtPP6mC0IuPSUGH0iMq2ccbphvF9WllLtohU41OVqFF69Eyqc87AF4p
9,VcCOa0rNEgSh7jTDcsL52GmguW49b5eNvvwjMtxyqz44aisb35qn4rH6zffT7vBmJyfb8LmQROhIieBE63tQ2xfyHiD4Xnc7Y9NhEFmCEW16zbAJh3ZvI7JJASYcOJB3gm71rOOHuhIFFOk5P3MrTbL62nK7q9Y4ktnIIt2o746M7uNYNd13jb53u6tVGFulUu8hl4xzbjdqEPFCHXSMFpHVjV5qZxnMd1Q8hErMa2J855pll,MMb6qNEVsUWDdYAiLXS9rPVMyx0zxiWW6a58cDzRw2kdZNWpnCGAUzDwNWJSwI0O8LrPHEd8r4ymKVTU6GUAkJmrqXY0t97s3rxEnn2vIQ7yG7ivlsVssS6bFPb6UTu39FWjIuwnWTeABDfVu2kiBAtRE7bDHgBc
10,nTGWUuZwm249d4zPsIDfWlQ16n873YriYIIZ2c3O6AaFeqep4wxB7dk04EBT5zTLjnBr317fAdC4EMg32h4CzgaouHmByBFHHO39SaqhSZLkMtwC9E5omvXpWiphZUgWzl0FrFsdENJNQgI9YF6PX9JLxHfDe5Wdjl9PLXmQlF6TmMkyN81u2o8q1q2BtTbuTZE5tM2Be3I8B83FTTlYzB1WRchx1hY62oqM1W3yQIU7JjdBWmMTcfJJddmVUT6,8Y4c6m0Cv2dDnYYjr11c3oBHLNvgTCLKmU0xb07AwcN7G0yKiUpZtB6yEi9qYtDBh4dhzjOVaM8hrh0EII1THponSknvX1c93PRsZVK7FzgdI4ps1kth4DCM3VaRtHatZWoZtmXr8XdL3JuhcAxGJHMqipZkuJbuJYmRrqOEJbp62OXP76l
11,qRS84HBjeaWl1EHJ3L81gJno1n4PPwfg0e24zA18EuoFr18pcmmCg3uhHUqctsepLIUvmiMTtBenJzEb8GkVKR9yDFgltYr60aYoolGtnZ3PGOsuVR5mIKF0KG9ImUKDu2gJ2OLAULieOl2bAODHqkL8V4xkyH67CuzIqfH1U,uViy6FAokG4cvr18eQnNmjZO0d864r4k3bb5eey6DsNNx59JQKMSqiW2ePOOawyMhE3RjVqLyFgZrVRJG0rbo7YzybkZz0i3NFLxgmKfB0pETrRw8V6vITHxFOAcDJfWGyB1GVJKPMxR89ZN3vjiyYuB4PQ
12,xXyDEUewCSCemPypCeckRsdIr1g1x5VVC97E5Df1zgpIjYmAdUO5tASR2CHkBT5VrIwBli5ADp4sjZocBhuyon0CGVUStxM94b1DIsd0vYecUVu0NL9nEAnKyGeUxHqVbJMYHBUnnWdlRM7aPhbDdVUbpSfzigp0aGHFg2G3tuKkDQjjvjOHMc416EfOvZJaJobRqMWzYf9kloKBXvFk4fN,2PuX3Iaczn0E0f6XAdCm7Pmh08MDYVQmhmjWnEXi3AZvL2kRvEr0Suksw4iVkLj4hoUi8L7hMsEQskzJg80MjwZuFlsAHNrDwW8BEr1kT9DNpFcEFIBNzJWe9FzjFClGo2V0bbRhMDIPwNl4UhNudhDmQqm5
13,D9vsNp7CzzHsvutY4VPCVjGDgg6siZQMPQldZOkWFjNgnEPMqLobXPGc4n1LLaXLC8XDfLXr2tRO33Am2jAvyrGJUuiE9oCmTSwyORlXyxrRVTGuH2iIOqCOgoHqwOKjSLUoL5o05wOapRbORfYsDgG2GIdlAOC1EDTPbL6RltJrfFQOEjpg2z9RhESgidxNYottxuO5C46syh,HHvc8u57WkHbB7f01OUxNAKaH7jqloRODILi93c2W9TgkxkfRn292eS7wFdkrTeNVomGg8NesaYNygaC9qtLRCzbjUATJPP6DUuXa0nahSUl5TtTuYCAJdHeIIhVVPtPU9flFdSFphCIWfsE3oNGjHylGsdOEH5eZMncB
14,lrEzHYghswFsdkrmEEGQ679XkydNR22jaexp1ZXTjoUImE8wzOODw00P3JtVnIyMPDT5e6bCQPG1RBkHwWPIXkKKLSLRKtNHoeKjCda24C0OHYzQ2UURfh9CCczMiQ20c0DxrOh2pKYDxkOZUpN1T4UR3vbIpCILJamQpHg22CBFDx2FOIUbK,G3ofEY2T968xq0i2bRAvZGyZiy0cA9bZ1uVpw1QSjp6Of06KMjFWpVElnkq6qLkgAqYVl1IJXDUazjcYyp6ja89WmFpmexPdr0onE8UyvQkgx9X2NRh5ywffrz6jXNH5WPsq4ZG863XrMYbkSQ6DzG7xAyojKBHsyzI3l6Uy6WrBOblHiltZx5UM1fPr63Ys
15,Gp5wmEi7Pdveuve0K3W41tEdCI9d5OW9TdOoVK0uxCTWX49kkAWyNA7xcji2tfJe8qhKZ2BkPfxJAbrC0jc9v5a2SlEkZp4Q2YIASwXt46iOAg2jle0QqzduQTxUe8CmRPv9fFCx44NtBB0MpkgYJNfzVYj036OG,tpugpBIQ58ViO5F8Zup72VTT6tr1jt1UQtVUkahy4BGz3uRQZ2y42etbNoyYEW0b78v9pgu07NViJD7O0YtHpRObe1P3bimd0gJvIOlD1ekS53TWDncX2u4RzM8WQUmG6MrNTwdsqHzpGElMJj52RhqnA6F9ObvMqhHemGKfYqixLU13ScNEF1RlJIfdyMv5Tm1r2gbAifVGVsV
16,NRCtZJ4uBYigDhb42qY7YNJwsaQcVtWN1dODCJPwVmwqbA5b14o1pYtGu5tgNTVkyUbd5niAi0xhdim0B2JREqWongycUUFPNBMMNKrIBwcPaE5gWUjnoonEBXB8dx6ICiS9podtPJyXO1kKwBA7BoKR,D99A5lbxi7OdI9owQNTzcfdjCZ3jR55gi8noi72tv3J8krrlMqXsvSaJ5awh3TgVT8HnnOuYisPxQViV0hnD0j35FiQSwVdOJOxzKWXXANBlGU9s0g0k3XZDlIZFXRX2BCrbuuh9SCaenmg58LVuNe1NgtEedpu9I1ChV3opUGNcw26IKBNYEDx7s2vaj01VgrRVuEx
17,Cwh4mIZIz9rTW5sKkyZTBifCLGqiRcyzP7o1VchWSA8exjCQtLJd3HkEx9boHYLQJ1vSMgCgiqlvRMcZAXYyguOxhYwlAIEMv4DW9HiPE9I7CxjcttlW7e1kG9wDDeOHp4XKW2EBNGaKftu1vemTTzX0HP2yromBrRUlP64kcsg674HENBFeLi897x8XUYW,O6E1g3Sh79VRX4Upy9qSjOxtnorCSDezI6aw4toZ6aZSy7sL0EOkVggYHgNGfrUYBKGV9Lnz5oWExfE06orhzOTV1R4H6wLNKmPKY3Bx744UsfSl7ZLjTkiQeYgluF3WX0ugxOQnM59Z7s1qfuKdw2yV23LPXac9lzX0eGlLFSczcO80W
18,excnjxzBVdq3LcsFisl9RaoVsEyY7PPUKgZ9tjBEkA5OqykNgHvkN9a01Yi2vlVMiyxH78HVqO41XWnIulteRlOHGxiGl4fDxz4ZXsVpprrgmtbbCjXCSVR7vq9QfcXGDgL9Xa40u8DZGdxRsquOkb7MOEIqO2yPZSDB9ONOn,QzEPtGH7bsgjXuluE6HOMOwnBLWNrXWwTUNXrtR8UtzB0aTbDLONX7aQjOcOTSF9tthipk3iyooBR0zEDElODgnGEDVk2fpkfQwEAUBhHm99JUZA033Xie39DcCnT8K3XkzvYFNq6Q5ElFfuuzgTAcSBx0jKWIghhVrlOxA
19,ZTto3FsQhEpXyoCcdAjWjMd15zoD00mGn1lfhiTp4iBCOXqGZbSrx4IZ8wwpNfVzBTE9c09GuZ3hczFGPZLs2TYP1N0kswiC5HKHhnkXe8ai8IfJhpjxIk9EAoyp7Z2Rl6N97VPN0yehgxyX42Ce1R7yaA5eFb0856rkhOSlFZMHzxOgrtkrWUJHRcNejLXKM,OScExrMwdtrNTyG96fWWImMZkKAIfpaQWfQ78RwozwApCrqnfm6V4j8l6QOz35fFq3eU328hG33TT6yiRG88xoiMpZqRtTGO0aTA8dLL4N5DXO6q43RYeWPb039wC1axeehxIRPqUelpU9sCAHzjWm6e7gPrv0sR0iYWJnUl8FaLt8opZGyTXZWeoUj1yVxJCeQovV3CGGxijG3wm0aIsoXa0hwpYoSZVdvSnbgiP6PNRjR9
20,R1FG99Gtf06jQqRKrifH0VFQLA88Foa6YY9SNkJtKogZGHCYGP5305mVuYWlYnBFaRjbRumgRwThNfpbP9lfHY9BUUMbMez7HVZ1M0hmRgUMK2KRAs332rxuMP0OfFUEG50bamhWBjJYhl0u7qp56Ew6EORNbagShuQurq5NoWMdbOyG0,UYWgv47aHT0nKTrjpwd5vvOdajjeaRIJtHI5Wj9k5gM03uaxKv1n1LcQlyWJLVRdWDxMFrZPIENba8q5QOxfFZLpDBAeA0pUIOuQ2iHHQ0XnkqeTjYUqLfbj3psDuLDZG27IQhJ8cUzrpmjcjNoroCbOt3OtF4nJ
21,tsTi9T4DMSiVjkrbJBa3evxuP8WkwFupaDTPTDiUTQWVCp3JterhfTAgotjCLYDGIsmHBlWQjMEdWuLbEsUa8Ji544iMabNqjDekMj8TKKKqtFQ8BBdClLNPQSo3xdkclP8RqzmBfCqHFvqwVhdS7mDYfGgoZNXavTBmDP3PYP4RXNX2ayceh0AXZs,gZqofnkSSSdskAeYFhqojVypW9oyPspw7mpjMreZZnATsXBA3rPwQ4Y66Nc6bT50EwBEptyGPnleFullMVno5yxK92ElrPIzUgIP0fieD3ezlfUCQ7eJ1B4wSUqsmm5kmYBJPzrl3KGnrrsPMFdXTt1bKZogWXv1XsugezQUzYqSeOC5cz02PLbFFZxEv
22,dToeHx7xnQhiJy9h0UneXLjNv3KoFkzxgL6kB6YhPxb80omMsxC5HhOcOnVrc8lNAUDAFgpwvKUQimmwRdN576iNFnDMg7EUSx4QWzNoFhlpghoRBjJnL8a1Elhwjo5ZwMFNMaG8m1wfYJQHgGkbgYd1pGSKYGoIdF51g8U8Mtv0JF6tpQJDCTO1pMDIx2CYFcHeuyMRxLD7kLarjk2VP8qXAMFW8YKLgrUxUw5Of5yYU3Z,W0AJBhoEmK9cx2dZXGBgnuNdlyjYb9ajySc50iT4RdiW8UgPPTodjG9Mt7x1IARdNqRnCjDyp1P81L8jtfQrYQXESkLJsNaRTxlXCXHfZdwIPuHxvtbFcQcTvEXkRAmmOvJLfZojw7RXFRrT3b0DJkd2YThRdRKP0s0R9JsteqdpHnGetr4cBPziaFHyQlEyy0tdl8qr
23,cUxFf8BTQZNyjvPyqTeG3niqlmWBr2bbJdo9v9LRc0HNCIV95tQVTd9QfemyWqDHQQ3hhmAlyzt3p80vNhAYOZKXu2SUpva894Gd52YQkkZygUYVTcR7cLhvTyjDgOmmiQjv3ufVIgQZe43fzZpBpu7bN39nihUvAvUeYacDUlO2XkTxAbCotb,jfMorwz8wjcXkCIZ6zJUNefRLb49ffXOGCSt0Hu6YuV3til23QrN0YrZZFrIW2P7kdLHBFrv03JWSOJmWqY28lOzwDSKp78i53Z0LcOPDb4VIL0QelGsnDmydfnIPmnYo4QMU04YYnQhdqBssI3yo9ksNMUGlssbZ7l8FqMY3I39oFayFx5kczD5Fyw0gamV4NVF6cX3CwlwbJLRxX8XsAqp3c7ZkBGAIpsV9aMeCLiw
24,1DRdy0D3v0EiJDDTMe8BDwOzAUqXsmbi4SpOiezOooCB0AlQFiWIPmewnwGRlNVsNxSgff3ZQScrrFMXwv0919rveYBrrglJCJe96P6oecy1ZGITt4bDTuupsJTxNxduhOZrOzFYrtz5yX7qc8RuI0m1c5QuYRvMSwOpUTiM4u,kPcaxJ8hciGAbFL6Ts8C3UQGlhs8zq13fFZiScTZcJa0TtQJjxZKOHWBjwqL4OPekLRdDHrwMA7hcRaCpreixg2SRNaX2dNsPbmVc1ODrjr1nBHVYVyIsPJdtxRJQgEQpEV7Jq7XxnVBFkujxgzJzB0Wci4YINHfhLPlwvuLJDsFcFjBAOIDbnbGsqT9tEuP35bD7BDp7YGTRM9xLuGrsqF2ULyarlHoNSl5qw1J
25,pBjfYDlEIMbYXrC2xiMrN4jKbjxUWcoSsuSVJGFr8imbb8P3O3wKROjMfvGFa95LmXiAQ54zqLMPhactWJSJrStsM4zJe6b2wUtNpmtuwaXaNPiwRTDJRAZZWU6KwIpr2U2GM7Ibe7jYgxfPFrT6UdgNVog,1APEuHn4y41PNaqefzW9HRLMXElk2eiyweIpmOGh3jBkWEckaV9oF4ryLTI2Sx30GaG75zgRauLfbPHYqTG1r4NjCNCr0B1zDa7BOhGismiZBtiBJmROO7kH5LiEZqANWYVyfs2Z3pRYRsoRVxYzc2VIW3arYGdxBFjhY0TkTVaaUjBRZk7JzhOg4T135lkE86cRv
26,2HZlaMyn5bpyGVsnfmKHyVxkwEX4tSoLqark3r8YBhvMn7KGDoqHuj3EAI1sGddVWlValOFPnxUf9yk3D3kIfYA4ANoxVNkTns1mQQ60f83tT9WXDUIbCK2EIvbXsr2NuudhaLV8x3iFKOz8GosaR,7KXoZUaxetH3Qm5NNJDSlAgTvDmBscmGK5tQEN25FepkOPcFyDPEUHjPXMskHUDduazavo6FFbCxHOFa2Q8yAykS7MoJBUSeRbTCE1YIqo0I9LIbzIJBCM2wMqTx5RJeOkBF4IQEBadiYZ
27,FkxzdYcrjMwYTiKzQnLHwqCu97Rfs8ZcLcSv8v90Hpw4zj4S96mmxKJ7sCDVL96FXQ7vijQcCjmiqAZFXX0Xr0jRzYWJqKbirbpo7czhVfmVpMsiWIo3BKNCViZwCBSRSbVu6dw3I5JlLzwYCGn1xsjniaSX,WLXBAUvftrUvi0Zesnw1TcqoBXbiJ2BVDjDMW6HtPFOqcYlXeXHUGM466S8hhw9bSB7bslt1fItBJY8izf3j8Dokic5LDQpn6V3iuwHsBgbSNLOkimii8WUdfOCyO2iFuP8u995aaIqhyYyJxlor7ozjRUpHF3cFhma2JELQTlbAFMbm2PejHFWQozlJeLtkX92XUTEMBvBs5KuTNpEXJ3BXOcKKMx9xrxPfQMf7
28,2Zbqap5j8xw4URCF4OdsVAoskx9Aoi4hkYbEyi5zulxIy5m9dQQ4OZxB1KyPKMDMO5AM2PlTurQUMtz72yfbWLTT4GZ1OL3lJGuVRJPMcVDr45Vu7v8aRAXS15dQF9gmtF8OGPEbsYc2O91M9RPbcfBQdMU0DHHhOpRaIujG5HKg,EAB00PzdDH8z4vdvurp1M2Y8ET5GwW0n97s9yz6zDlBo0vSv3CCrysNxVmoYajV2a6OndH66N5RYFwaGY5vleCy38OTW9W8g8LZqSLk0kCKyuJ2v7USXbiDdsTyLZpVpE3uipZa37fuWhhnd5ec8SwVa2R6kE9Xo7EvRgYWMq4wFjSdYdNAASuySQrJ
29,rTSkw3jyV46ovnffkSIU88YA8QXRuDv8Wy73BCknD04tVQ5FqgKrdGxkCW36WdCc66NLuYdqXkF9JGjWPCEzHA6miFhx8taaodJ2IH3U5rLe809kjFRJChm9Y99XYzww0s6ZFSTttYeEmGzJxv,Q0wjhZFiU9PqfMiezDz3DjshmsxGak8GnoWKoyMC8BfjmFKk4jMLtEgINQFpd1ggnz1Eu0Jmc9LjUozsge36hogXVu8tG3hnkGnteSYLXjxeXaMMgtw4nALOJyhyhGNJkWrfnkUc8rzQXZ5cM7103AoqoP1N3hFBPwz
30,z7OMUMp8DUiFMrdaMhSteEJOUfvsesQaIkkQSePfm8l4LxhxEIsRpkHswmmFJEcl6DtmGl0S9HkzctV2Fehoh61xjArqS9Qzo8Bd46Mv7JlQarGj9h4AlFtBtyQf20P8JpM0EmevoOkHUm9rDQKfb20jYRTvAaKLUTEd0IlMst,qS44dnJmQ4JzZbpeIKGKnGOxhU21jczavRbAIrgboIMHOVDgxAgduj7B0UjAR6zYhKTIvbbqoYa192SYOIP8EleE9oNxnQTp1pA6JPAkLrthFbDS5luFxlDNHJkxpYciLjjE35UqQhF8pIOvhWhaY7hTmr9I6a5Kuj8hJTwyOrEmc2iAmJD8ma3lsZ6T4pZLyGqBabCXmaP1ZvEtKebwPhllRDcm
31,zYW4jmIPhdSNb9OmmxunJRZrpCMm0QZDfkTlTYt5I38MgKoTiKwVp4aV4QDcPoVQOl5fuxFL95LZofGmskkohV4PJqQXwIb7ho5d9IYQvM0UXa1DsnyJIzhqeY2SdZ4kRQh5dZn3sXN6sX5aNA9C2Gc23a,YLhyubxmGIIFgKionTDAMd0qeUrCwWaAtYyvNFK7G7Lm01k6kq09bFkpzXcUwQF51G8PJT8NPGETTB3L84kXllLLAFPcMme7h85LCiT6rjjCay4aiR2iyaMr5PLNWSKUlxtivMdqniRCIp8fr0V
32,8ZdBICtM3Lnda4EDV5CaT22Cr5TBIqjPgWR3TkQXprKP3mGiA6AGfg02nJTg1hMwm5DO0onFfob5jqS0B9S92rWOR1NhOfYvA8UGQXw9DF6wvjBgXq9gAkc6nrxAB55XTGsSMEB5QvCXLsRZ27NLSgwYexgITJl7xHvEHU8YSxlcqVmdMrgGo,Mg1xV7ba4CnoZnPdFOSMWuziuo4jdbU9RQLkjofdQntqJxSoLQXp6kGwwkhowHTxrR1M5DyRrlAJ9iid9kB353RbYr81O3o4uYHXTHz1F6vVCKuGInWg4FGLiQRmbRCCNUFtzf2S9h9NM9ESTYFPUAF1h0rObMnyzdgbaC2O8hafsKsUCbOXpzZGGFizWu8xBVBnci6Px73AbrNnvLA37Wo5k
33,ipzWFpVZtqXpD0irwZUR6JpZnUYSuJEyKHo5wEfp5B4JbF1HUwGzhWllkbnppdmvmWBuwXi7m9NRW2R8WcUHZ05B0FW9VyQN4tJmMC8EIOfPglnETEcq6diukXZFM7qTMhlncAQTlJ3QkOFa74b4vV4CnxWF5O2ZT9KOx4oiha0FckZSEbC7ShiDBWLVh,49vg9gGK1Hem9tKhoxEkVGe26ZzInXZeswlN0E3qooKIg3MTUTs3QXNMUAwpeh5x4ClgmX2bhSHWvkTE4J0iZwJOjfWEQzpmC7Lg8OF2Y8EqGSrS9z6iCvK9PVOY4dfRleAKxfezTcIdbeNTYxFNhhgnk1dezm1J4BNvWjzbGKZ1usnjX6wGVwZOIlBq1PNNJRUEhxigvxgRb1sLyGY5V3QhwnPs16rRV3ROQvg
34,67xUJI84cQXI45OSMMOUXRc76SzCuyl9LclM3amIYXBtmvfuVrDFVbXuyGRD0BeFNV2ek5eKLi64MPrFHrEAGlVbBEq7LhcmUvT4vexp0I5Imb6GQqpX4kGNg2sLHszh2pWhVgZh4EmGH0LVNC1N94OZISIhTkd79rRcHBPCVHhoUWHreTLzLeYmAFXvDwt9rgF3,0HUHhZezujvuxjQGaoOM5PBuuyLlMHQ8QreIDYPD7vSWLQmISomRRe0VJloYBTZsBPdu3uJGsrwXLnWkl4oQPUxQ9jKCEOfjuH8E3QtNCDo9R4jtbAvw7CLlnDcLc4laRi9EAsZ3OtrcGOxS1R32rZc9zmsZJEYX58Pvqo48icgmOz97yWowabiRDLJ1YDHxxUvibnWgyvrsBOlMqcTCagk6YrO1jE9TFQQ3Eel
35,4I3BkWTsicW2x14FgsyednqRwaUgRR7HSGtZbRAvydbgPFfY2op6eBwAMEqF7KuE5VetL6Q6GQxbc1K0tPLymv4gAQeSGb9HbVMEfbuyv8sAiJTmBJzdCZ0H4TLBkkkTgZOjRNu5pCfrkNG5OLDMcTBsvN32yd0lMF7o35fG44IL9qZhrM9sIKFZhbHAkIHm3JadBVMVNXlTV2RSjedI758ChzFbX3jMeVzl9szAXStdKBTyD5QgvQ0PsaJY0ft,TmQabFxyOUuMzLv7fy9zsPkg64BA11sgVmxziFUYUK0knvIoNcIVRoUh0usPdVzCgRrXzfLoF6wg3NHzVRkntYQkhFJHZeOmRwj5Qhps7QZnCaQecjI1U4hMMhGg9hBYZy6cLtvqM2QSLhViZ6dF
36,rABafZr3AgwUDCopyXyRFKSHtWzN5I2ljeIJSEUtIYJpQjzV2tZ30zn2ylupALdSVjKDIQgMAeYmZZHysEggUbdypE4rMR78f5yZf8A2r2626eCC31MZfz3HWN0LtNhhiUA7PYxALJ1hmVSwAtteHNtmLG9gp4sGc1ORrONz1yrpLDHZszrO3Y0r5RsZRsDskT7ROA9YaKnouaXxzFqVPqGEV3J1,vyGLETZDUGDo6ewQZ7p3TUFnpi8MX7ZwJRUtv91ftOXFh3kESnqztYcurb3tb0wBebn736GQ7tCi6JTFy3mplPnMWquDFzNNSdHX0fGj9JqpTOtOD4qEelV0MUyTSV3G2dPB7YwqlnO2afW6T6oun7XRowj0F
37,X3ium91Hf3zF1oHELOQK6k04xkffSNbDHyLcoKKvMK85YadzZMQNtdhfdOd9gzc9yohG3jI6AYbBXoVBiYlhm4aIXHVkPWVZWfCJ255pfiZPIEV5LQuau6eqqV9WIg4tRzg8H6uJ9NEfei63MYN00CpluEWcTeODzYRoU2TNqB2uPCZLGHp7gSQPkHbarEVWQRZ1Otb2R8bZotfPBgSiw5lBCEVqxaPCEeya,cIKbNSXguf3jKtv98qSZRCERHIi3bA5tNnLlD289mqA54SJtTboXeUs7kYAqidwf9smpC4jv0AfMQPPbWWBLlAACbMN8FNkMO3WBX1PDNFkyETQXXd2Apuu6x5wIy77178l49DfGurfefLnh2ZklMz4MIZvh1gVAdRqr0fo
38,T48ReTcl1pwCIJQeOuZSPNXCoWqPK6ZLb5kZofOdGYU61Dqoh0uv7DXo2qiWDv7N42pOnp7Tim8akjkM4v3ko1dT3Uc0oI996DPez6FTmzt6rXTinrdUxNN4Hros3MPuoXl7eKTTQKTsv6nNJp7cFmekEwyLlXYdNNZU8gzxabs,tyAgwVxksXq6X48XJtfSzKXs2GNNRvcOM6jwjjI00qNU7HNNFTXrM93UCrGHFYaGWzI5V5s6nkiBnq7giVnLgIFFDchyyk1rOrt6PaiiBRmrK79NESFnyc8IcsRkQMJkPFPMTcPuxAbrQ1MPkBy4SJQXeE6dBGfpLLRjDlAlJSCUvKlpame6ioGbRj2QpxqRpzVDEJAGEUa5Z4vtx8JzRRDCrWC4Ez
39,TLly6FJn02aqe4aI6cM08MwSxwXYotKWfmfLCJiB0ONnsyIlGm2aMBTn06fc8Meqk8rtWJ0Erx6lXZE8vN6Ko2Tm5OsTCWr9siIgPeZH3oft1QUTnvVKIiag7bDwuq3M7SByiLVnoQ8M1RgRa0tYK22livfAPysmNbXSC03saYg4zuEC64B,Cilgd711ywhwOa8XdFnJaytmswDlsnHrUcsvZHwMp4Di1oro3kzMDe62mjyo6KlYtyncglcBTb0oSS0Lju4A1idOxw3wi2otcB5v4ASDA9qJnk92FrRzAL0Smy9bBr9dRe1GiIHY5Bne0bGqHaBcsUPJfS3bMXAeSCVMisGVpbs8HlleaXjbxqvMuPYLSSBFhNoou09cZsreAcxDa8l
40,5UnT5YaJAX8LXyrO9BppTTMIAIGq9tUy0cKE4gTg2FiXCk06J729zSH8tbVmlUdtIiukGvr7GKcp6hwz8GDxe0N1jyh12Sl5JBX29LBTOSTugVmpDW2rwBfXgkCm202wXdHzYB8CrgU3V1zUp61D3fL00hEkrClfm4elHYQ0xR8SkIEo9iqaVp7Xbv01oXzelgIv7wOC9PysRoFbuYlwzqVcjYN3NC1v,FPuXY6azrFRHaIAF9TPCOieEwd1ci06zgR7cx5vA1VXyuDLZOqVLar5WMPewrPTfoIQjvjBmmaDBOCFoceo3dNvO9N0Wrl9uwFdbjATojey79cFHRXHlKPPgZWxmRqjMbCX9jhZMK6JqsTIsiuEj0AMGbT7PXQLzPoINcMYzuHywWPNsAsLlIKR0fN2FHU9oCN905TY0ZEJ7T8vzqgpB5kSJeVHhFyU
41,MOOLjFUCDk4ylyZeysPCHNRbsEwAJeDXTnvN2XvuFwGDTXYS98DS1nE789y0j4GZQDkLZKC73dseYfNZLRi2JBYlWL19qgOr5UUxarbix8v4VNFUjLDNC4I9uY52oEqtLkrOabrWN360U2YW3Dd9gUj2pgURBJAeAIEjT7cZKNKDl2VrEv5dG5jI06J03QZiXUfz,TytEsOfqrtB8Y4bZIlCsL9wnHIiO1COHI8zRjvjrNGdB1ltv1VsuR5U4Q9oKL3YQ7uUHJqECxpyjRyrbsIcOqUe9GkDl7Hlnm8vm4itSUoXcTPsQvLCztT17oj14hlEmcuvzKV1u3dwJPdYA7xgrMboVdEjQglbDoNjgKSDUq1DLrvqbdFxXeyI5B0bR3e6GDNuoK9A2PSDMOGhAbpNXLuMR7GnmzkWa8BG9gtxsGZpkthiIQx0O
42,6WsXt7vfSjPPVsBREuA0sJs3cXgUGt1DbybaOF0qjfO9CgCT6IFAkid6sRTb0egsMtcurETiAZERZrZAWxMT1lf4WQuhcG07Cl3z0sOK9XV23lRhPx6KvYThd8nFPK2b7VVavc3x9ROA8bNzu2vOQnbEI92fAXv8Um1T4GIAFpvpMVx3ghVQdEyRlEM,DpUFxPaDCABPgVOciO1168r5gs0hHBoLB660ba8cOL9QSwykDnCBVN5WunkoDcVpRWjBIH6ed2RmQNQwknhxlkQYvrkenMDOHSGckQdjpIlp9GPVQGQ2eVB4OI7lxBpUxvuHXaIMnNBiMxxKAKI7TvFHYWLf1CapzcKwHUJdvg3rTALezLwE0I7Dn8CKbNaqxINEnHfedLjISzohp
43,w1O12YN8JQzdBev3dQlFRn1EMLKy4OLkGeyDHzKdduiYuiWHIT9XqApM2ICGc8QdttIajWGVKlR7gDGNUv9cIClqVlISVUTpUHvM3akzfDKcSEzk76NqmEbgk6WoU9cY5WdKAh2VsiVGQomMgIrlT1tbihe3ivwiriRWyEVXmrU42HXsLwyPc,EH2I5h5DGFTCGvrI1NijwIC9FFomgdluKxVhBxVVTjyzmyLoaSg78mnT7D9nStm2EmWnrVrXYxSDF9qKWJJIH4SSacU8buwjTRymsOzhLGdR0xvvb3xPC52ZYaZxFBC4TJrFxalQn6AfrJPOSr85b8qmvRogrbDzd1HJBVtBR2iEW1NsOIXqZADOBZgSZxdigBFbY2ZsofOcMoqM0eCEUa1j0g3IKbwCX7ZyEgcJD1rQ8F3KFJgW9TJDk0OKcv
44,tURCQO0F0otD9g0HDujmw8IhkBeKNqtu1Yf3N4aC7dr0kYyvj4adH22n0PmIY4ihWU8PIy7a8i11ShNv6NqPw9uu73P2I5AghLLbc2vYuMx7P0e7WaJUZVn2Bt2fJUcRvLV5uzdPDY4BJPKU79pAov2bpunCdj3cDNL7hx2RhbsEFY5wWKZrd2a9Tuq3ChXBQny2HL7q7BVJso10d0PWjzCr3Ol6YxtX27ydFeir1GkbXH01NiNEmOw,Qs4HCLm1FJcG55tRcRYGbhBFYLzoWAhb24biCKjU0FXt4YiGuJFgxITjeB5LzVAscaQMI3WrtL2HODEs7pQCg0AzXebCt7crW9cGoObaSNfHwuKHIeIOWrON5wUmIcUmSuwVm0kGvOjNf5AwVewaBogU0sKIaW6gjCoD8Kr4MG13EwU9oyDrW6x3hFeWA0mSCAAY
45,qej2I2KEEfgLV2Yt5yVK68LkWbbTRZnVyybd27MdQJKGC9yqi6D3bwfWOEw9rWK293stQn3qH2sVSUiNrGx82PuN51YWvnhiNFd5HdQRXHf5M8mdPvrOXPLElY7bFxBaWeDE7GRkyApP3zZC,KSou9PwoTxFBGWXHPWFxEpFVnpFeCE2mOGVIOuftYU7MB73jzd91rz7tuaa168k2Gv0GVeOsqKHOacwcsyf0Zr4V7EqjAd6TLtySUc9cV7XCKPxqEerRp5WKeD3sHFFLUOnGPzcOs2pXFLtlFQr3CjV0O5wHF7zcpTE2TUSZZUC6suzJlb0LnwQRtHaJXV8b34TgUP2yYs1j2xEt73bSka0YaCNry0Rbbd
46,WEJGBQIZguDGQli9HcpuX8zDvuA16q3iLZdlSFDBt4eQzGEAguStcFhKahL1hdGer7tGO1EjBVgdYngj3yLJ1scVi19eYf6hBTML3ZBebyxxN4iqNKKxHuopMv0mq7Vquo7GKfiPovNuDFFo6O6miOt5RqxA4Gr8TwUENd5MbbGSd7XHn9aJuxaOfs6sc3vLqqaOgvvjzgqHa40Y3F1dza05O0lTq76yE4KuqVoURGmUQQU,jSSbv3JmhpiAGaiYWewzbGilfwJWD93lI01CLBDBBHHz14TdsfPk5sedvOLXkazO6ZtNbmK7toEvIxf9ts99DcVg2eHk6sBPoJ6MhN73uS4ugZvCwXdEyNaxklYqxP4DjfnXs7QLiSYCVHgDEPCfnTndcYtyTqDcs5ZAqfQbdZejouXJcqOLOHjL4rqYFgt6rECjTkiVrbiuvhEcdtYyo5iz7yXj1BWgotP5AtKWu7uISDWpTRpynE
37,qKZYrKnpibWKv47MW0QAIMXgbJ4Ebb847NUiN6GN2q3UG41lQwz0Mds4cQiuaQDikyP91aD7fyJafIVv5GprqBiUtvjcJmO9nqxcMU2wY94iC0xiWfzHWIp7Hm8ypSH2PONrEu9ih9XBmLbPVpQMdXFVKtrTwKQBWW808M,m2sDg5LHclKUBb0o1hjSdfM1MOEPNgHdivAOpAMtfkl92hDDwC5tnUZkKO1Nq6yA5FHrKqgFSDrkBmP3MbZlIXUkcLgC8EvGxxqhaSPLosFWFlUdsfVMyz1oDGZoV4ElRWOFPhxBasy478jxd4QUSUjyU6cfNBHcgfD39PEiRDuAXsq5t79Zz0tnNmnp8n8KBoWS60MmV4fNNrQqQSof5VxXSoBaofKEXHw1VouLB
48,zEBXhhbWthTUMGus27Ptg8PRywyhyLZfpPmfv3lxgGkAiLTuucCtmHDKeAh1nUclLZmR9Xtvlr4gQnBbj1MXDBJWokSZhfbFpU9SH3K0T1my6E8pwHUPvlkkRyYp0o49MpMbSvcdhWzS3EDldr0buUhQiKtHQ8XZfBmxezbfbBGtwYX17yqFICRtll6YagspelvM,E3v5QXSDI0Fm6yl9rmXIVtLh2wLKBCJJuxEoga1mwYn0QC0pWLwZWJ0priUqNwIK2wBP0WF55EZzsDXENBxnoOKUKZClCezUqGUVkLHcPFX2wRdQwoQPCyRsy5tgSTYDMbSDqrExrFX5wYhFNJqnOznAS5cbxhbGaCCd7
49,pUsklHKFXsFkFxlXvCC8GO9clcFQe4GrElAcpeMrIVTeiCnvIFDqZhwICOmWJb4h9pYOTVGQ18664uVf0ooSW0yvSVrrmRWo8QpRhRDgG63NZQWbpzhXqJJTQp8XtqeGXFT8UW0ie08L,NzMI3dz0SPL8AooaTPpypnW9cQ6pz97I3zBh7lKagTNp6NKMnro2Yc6uCN6HWc3JiPMvVknhMUIZOQWCJ2lsVzq4Hkaha4G2FxXUMCSfytzvZR7V7dRs4YYtQqq9g3iCvR9PwViZvIZZeGdjR1kOPG5z1IDqQyiEPCDK4sbMqIynnoEMTUDVXfaUbtAl3aMtcQ3N30G1fo8E3RRcByxBSMmwL7R0L37hKyjxoz59YVDzbXJIQ3eyR33
50,1PESfSdbew28YRQojXsRdvWx9kl9HGsqUC9ReZ83aQf81vFGgfyAYYtpkE8qNEC5W45txQiLIVwwd51AIJyx9ivhPI5V3gCS5lptfRjKPbDdu2v0i5c5CY0y3OSRF3NKUVjINQFvmsnOheQPREsxh45heRVjXZbCgAof9bkxlG,eeN0BvdXGEhLNXbwoqQhZGP2iBhrMCUuUm2QBy9cpBjWs9dppSbmKwedr9jUQLCAX3bo7Lha9VNZq2VZT1qCtlG3ogPinx03HPDcwklk0FsQBGS7y2apJMa54QofzEsXZVTGGwBgcQS80JbdF9j1kopys9DOvOek97UO5hfRnpSgIrRt1
51,9VnCbKsQMuatJY0VaRNe1DozhXsoNbcLb0ucSNFS0Y7g23f5LZwF9PL26BNaAe1qcTRn3cSofJTxTmRINtMaaJzZbHUaSVyl3vPiball4UpDBfkNzmKKlzSCeFLLttKY8B1ixKg3FLRXTsW64yJBhH6Ln8bu1R4j4YVSlKicTEqnQ3xF9tCnhVBGgay7sSDjWZOy3sulxZ0J,Ni1QnC2fR87JWrCpwmXZnArL1uDn7F4F3IvCx8Zg4VO3O3iLKv5DbKBlORjG9XtWPqkk7tYlnfOmmXQICkBNxRH0MQYDXrz2NUA24boAc1wwV93XE2omgsBUQUviBR8RFLqCpqHLJ2S0vD6zB6qflJ17Zar2BxPGxcNgPo9Svdrg1ij9OoKUeHH19nz23yGokSvVCnv9GP5I4qRz16eVJ4rQMtrp5JlUDFVnaN
52,Wj1oS3wBfkuvPVJQDmLs0NXLcegzMEdwmgJRb2acMOrElymA6KW1AJoZ81NkHe3kr8jHFmMdolqlLDRPb7UoMVWArprgtbnnDXbi5qQSeecRVchwqyJ8HiyvbYnN3ApF9i3WPb6kLHpXp0ZvKrhJgTC3dERXWcrk0atORqHqCxJRgDAsLnYxqBb5aTG8YtMcI6GHt2UlmHX4I7jfN0keo1UNB,CHAV0vSFB81tbiYYPshDTdNUh2nXjIYcMSCaIA1unUESYpHfLGuAt1TllGpUDV48kDxON9Adxt3FPaY9rjiveSUCVMeh0Mz7w4Bo5pyHySWWjufHCDfnVyfiMZwJKrmP7mboAb47ZYYSoIrCbwOaFkToHyiVZqOihxvQBakWqWPB7timfXtZDLaveB
53,uy5Bj69ZsGQ7unNeNo1jhq23TQrYL9NH2Wnoo8qFicIRNQTnCBTvhRL8cmRBhSODerWP9Oy1HybaweIBH4qmUJVq2lzCf55wtePIISXSdc52pQnjwkEqxfgYU6GWZW1lLTnKSgZtast7vr,srxnbbwAx6aqxsQlPlQ3IzVm25YOYSVRYgZlZEf2hLZHKpd92jcHqCHGJRDgTqJkgrrIt59gKlz82w3hVqRVW5hY2sEPqWb1NAaYw2inryoDg1nKLu5pGdCMz1B738GC6CIb6oss9XCDblJx9UifklKc6E17btCJNUtldwXNHXpvz4oSm21G7fjVkCQ8bTjRKllgL9H8NohIAe64gdKlAzYL6hM9IvE
54,rtn679WQDuR4HIOC7bevpJJe3pVPw0SzLMVik2VO5tUPiDkLJSCGd1y09GPrU2fjxP9aBtf83SxEyBTdSMGufZjQhEpo7RzZo5leHBtFRC6b6WmF0e1dDy3Yl01zDgspo0AuBuUlLt4SClohGmJwTKcMUZF,RXTNlKPdmJkMMAIwqkzei1LhXzwUvdBlSvF85anguIAJN9TjHmYgrFk5ME1K0ARZ6IWylgtjWKI2L2uzEDkMEI92ZZYmA8jzlLWrLP9mxno0P3vrJSnvNQ81ZxTZoO8MBUmsDiMkX7zn9MtsGTL8npE193mihOe2Or2zjXyonrxwEAviXHN4420ZaeNpyL2w0R
55,IicDKXwsn7ARZPG95aBougFpTagtjqgF0OyijW5gmW2040Qxx4SdGktg782MHoGQutCZxRvAS4oI17eaMxdtnE1uehUcN6BhT2InxqV5IjFOfoCR9TJvEqd95XjdydGdkxqVao7BzfGNOOlRBfKeElIShj9a7kHujDnvrgmVuNnOR,PjPByAul8PIJIz1mJPLFQV78Sg72BH92sHpmnfvizpwgZfcHzdBHmozeMzLAqPX2hCe5JVkqtoeNdTInGQ6QdvslbiH1R0xwVxx8BXjxZbnFrWQkYJrCroSlfIooYMcdmlygViMBrshtdYp9PyUh1LPG5TTlI62
56,JAxJH4EAAKZbfFFDJecdSBqdWagRV9SjUWZP2s5OFAei4oFBn6JPxKJX6O4DkgF3Ou8ds8sDqHhyRXAHEoLBWTSk3cdfXmaww5hwqM7bS8Dim0bfsXSPjgI8DG1ugLGW67vzRmH9gia4L4aSp9M3lraA2jIxfxkgy3vzyBjOmsIYruSOH0rp2se5If,CgKbHjngcEgiybOyq1vujxoyLWg5g4OGmMVjBlqlO4cOMOUbeh2cZvHpMF8peDfDb7imfUakefF0NYjZpp5Y95lFPLyyZqPfEI2Libi1X01lWdigkz3QHiFwLGUQTUZFaNBtwTkub4TpcT53fTZRKyrVBcwZoQT6srVyoBgZIjHl1F6TzevjsAuISNmlOOlZCXifM9llQZPqt2dLMqU8k6t51lHLRsOxwerxy7WfUQI8NWTYp6Paz5
57,QjalU6kYKOc0IbpoHdlReq9Fz6sw225we5raVcY9MRxqOyTTGQJqawPCS5w39HhNPL26m83BEe9mYxhOw5OJBIpZ3F6zpPRwGljVz3gnmHxSEVXcOPLqZQzpNx51HxAvCYT00h1FMbuQYZd1PK2tSQSdWxUW8TFIyeWO9GPWW8IZqpSlbAZCFmzvbl9gfdGca0MUGHIn4SAS3Wb0dbF,ccpLdC0VQkBaIRZ0JpUjqevWgXQ1uUVg3JBMAh0Q5x6CuEyiju3Mc07FUeXKBXYT2jmlDXijbUieEVCYIYH8e5O31czu9WdR3rrQgKkFskWpoNKglZwqDztBpNYmB03Mp5zW0dEGgju6smBKokg26UyfGE4ZFgvD5QN4SEEgUjMyzLsu0wUsj8pAyywmFPQy2IzBPtuWCR
58,5QuSz9YY3t4o91SbfHd5CvujnxxoNCFX57YgSsxoeXXJdFs6kh4DpyYfihsG69IxC3LppuvrSzGv7E5kGiN8GHGNt3Wih6fXJLtqnrqkO1bipmLjRLXouxTlmgd2ipgvNwq9ajR0nEEvVvfgS3eRswsunLQ0VcQQwhooSU8MEizNbU9kcentq4Vgp47DCBjwTME2LQnfLInChhPzV7oTHaSd40Iolxx,jtaKrlqklVBxpyqe29OcEyqPXfvhlXqKEFRmwp8VqHvad4Cf1RRzNE7XGRraEgQ07UAlqAyJKxBHcRF4dcNfOM7WHpTbsAq7jBEqT09KE0x5H0pRKA1eiAYasbWCXUkbmJMVCajtHVawdlk7DcQ6QfTV6ciGL49BwuXSrP35g8dSFta93dnvMpwicV0f0P0PSGpj0FiwX62uwwiOQiVaS1ZoQuReX
59,IWDGXFWxTYf08P4Qht8As9m9XSvbRPLBfhLbRUKN6hMEIlWAgRhkyAHa5rciKjeqPu3wTFaleK71blIiYktZyFY7u5wkBoy0FTrWivPoIZpsWsb55a8dlqKFtobwFsJGVQ1pa9kPzJjPbv12LFC6ZX2N8W51lPH2klH3cAdKCEzvpJPHQAjrzn6l4C2UPawbLQ8MR3Iya7DgKcC9ICS2N6,NBzarZNUm0xeJNCXNUWH2rX1k1J4XkC3eGpEQbSAOs4A8LY7dsL8gn9ui3qNapd6QfTsL8e29davVzJdyIOIdklcQYyv8Kf09GsJRJDRUBqSiTXrQdPK6dqmB7tX5LXS0JZwwjDYUGTp5eRecucWqlsZzfXL73aibJ4tpswdbuurkNVOASLuCdjx5BneaydevWzrIyw476NiFrvwJU
60,Nu80dXvSAB1unh95b2dkTcNy6Upl91rNajxyf3QWya0iosSbdsEYtJUvSDdCPhWtsWlqzZaGz1XTcbYZbZltnNXXLuJtmCVSzm1vEC03G3hnhjgFtzGKjOMAeeSMwOihbhm4fZ6X4VL7FA5wpyR04yaMz5mtyQsweB5GA19pkp8CNWBQfmJ1aEWc6tTzVX4wCpLdeoPweA98Pscas5OK1RE,2WtqaF2dO5mJON1JTZCcmzYy3a3yMC5lv3hCCl2LDnBHwr8pgIdgzp7rLa7DNybpZ3i37p4Ajlaln3SADe2HYOJUjdeYv1WB31IzrsvJ1HnOH9BQKDU1Z6ClfFNrUmC67qLbxI9wamYuhaszHiPeVJe8YgKpkW1M3BQIWN05s7EyX0uJvLTUWCG4qhetMBuHaIi99ZrW0myOp3TCDG23MjKNwUDAp373CUIX30VfE6Z
61,LLWMAfdwOpcGh2pbXjGvMOpeCQyglPRhL2iQpyzPIe4NW8OhdE1lrDMB9Rj9dl9Tp4PCNM6OUP4htViN73mqIISjslY0tkNxjEUObNvyM7LRZVH5AtnJwteqkPBaYeah6u87IFBqtH4iyVyyPiyP09IzPFrngPARPisLAle4PUyoXCEY2x1TRR7PBWjdPVog0Svom2Qziit,g1i5uN4C4cH2jbVUHnzQ3sH8zYbUvdP07o8aTKEvVyD5quagbjYkzSnES6BKCMzFuNzTnMDjThpOuTkgkfBQ81lOADURQW2BuGfdjpFkXxh2z2miLk7FFxZbuzsZcpJiwlKlZl1X7L9HLIK1pBbEVSUWbFPTbe9cGJ3hoUw0XStlD8tecselVsIxvEttHiN7g7O6ouYokDTDlvKz9iSlqABXleE3TMUGx7xUne4c
62,9KFQ9D7kelycNXF5UKiUMfXaoGENduVmhwgPCKsw2cDXZY0WVWK66MbZCLt0b7rmjShrxItUyomGuBw6mZPIlSSzpJGU0eJGNEtSgBqJqAfV2ui67AahOtVeFzxBBMaG3au5jJHyzalTcmE14XD8odikWuquqS5Up,9XjaIdHWasgUEKL40lUIPrrGAe1ikdn2GB0iPIr22je168GdzRFcD3LRNbtVyJWtFJ1DURbflm1rfTUtbqmaeLHaDdR5SmvqPS1VZx8S1yPI2b3kTnlETRmat1Waq7q0VIuOKPpm4Qma6PIfFCK95LnLHNsHrelITRuVq7kg35YtZiKs6vwsnXmPQSOGXmv0DO9SdP6JjJsp2XQp
63,EzmPDL86Ld4qWlJPZgOQQp9uPmR0L9IUXhlxRFDGcziIDimg8lYfkBWLNZVHaICfIAh3lju4vfHJytxY8xdhz5LzSa7cPw18bssMhw3G5quUxIm3yg4R8WBou14XCXfkwdGbuc2bspd0xAdsKcYsywrRtKxHHIJyVBwE6M2lCIj9W08Bt8jpIrRhrEJioXjB3NrWFfGLzeQnNtPDvFxKu44BT86De3Uu1rdaBS7rr01oQAMTfDKo,3owqEyqQ8PNdn9q1kHTCLqNi8yXcd7e0vkXx0Ta9BQctfZrOKHv8apKNyD2ZJY5XIgmLrFBxfVotrc8yOscIr1HwGEg2U10XiwQeiC9a7vwauJcqbzOLRqfx3WxOhBER4VekmdX8gXDJse1vPgKGUNFCRyYc7N1eRSbwjYFAA36YwNan0gWYIM01cwwDUBFDC6QzXr6Yq0PZpHyCW1Y
64,phRX7WjYJcpI2p1o97NCytpeGPyHe49IhbYpe2FslvcQoPxjMQn6tsdzUXDLTpXQpF922nHLGemJFJ3E69zeObwycHnGPmZquAoy70JJEXNaCmSXfiz3k4LnepswsKdc4iSfAG09XX8AMVjc3HNXb1EcAuF8ZIJIbhjhtMuwqKvUkeIWD7nWeUVJwJZetIBh6KisU8dFa0RZuJ,gnzeUzRLaxyqBBjIVYjNtVTKCkymEFrJYGH3hDfaWp0nT3y5HymrF9iLJHS8eQ6gyzJJOtLwSCLq8Q9tGaE197XNFdJldpClw5verFsAYByWtlqZeOg1tzSbGlSv5TRrGzW3hVDLrdKa4ZqsvGwOTtWd11B8PgYuT5WPYBBMaAFe9ux5GbB45jVSiJtah
65,Z6ftcADMsMMg39c16vvJZo0rUWWTMZK5qMpaaCGM9Tjk34BfWZQLT0oXXOSDVl1gSJFiRxC42tYwreMspDVzuvHvuWwhidwqkY5dptiRl2lSckTQkXD1i2Eh2oBqBCYh3kn1pLAXkGdAu,c1QCl8nJQEjr5YvjXcN9akoA60KwJpFuO9MlTQXdH5I1yXslF34bsCSdBgPFyOiAneAblkXBq8XfFfShoR9KJaSAjbvGmuqaOTscT7FM3WAZ1c6HbmRvFKGCBjHO37c2YIiU0TgxlR1iqU2XghLW2e5dgPCAxDV31G11SNEAgwcMsyqVyrXgPLdvhKKYpBBS8kMzLFpSvhd8SjE2HCFqDBIvEn4G4Khc6yKS38bUTPnqlIb3
66,yqw62ERa0mQdTN2BJnSAPkvSITXqpEUpWnEYgc570AA4fGXd0PFjzw9WC78WuvQJqGCBpydrmW0ewull2TMtJo09uxQdDcEWgmWJptwtE5BLqYQm3fS7D61PmoY5mP7QFTsZCp3n4IluqxHxwgaqHu9VdoUHKdnY10GJycfxS1nwFbYhhTWj,732fhHmh4BKjP4v56fHwRX66oIpeL9bOqdPu4PuIieV3NVnq2QEnQtpVp1BMwHKwp1WV91cTqUfgKedzbZhD0C7kI5ZD61Tg3b3Qm0aHZiVY2eB62geQSp6gV5GZTCKjeOvTjXViRIvLHksaGkMh69c1Fi05EZpdGXtSU6HuTbApZ
67,vxsFzNynLvgfqxJ7Vv0mCfseRRkig4N1HECcvrYY5yG0USqfHw8fpHXisc5qCigeROY9TsSErrKpP5c9vGFwa8dEkSd4fEA82E7EUXiDQCAaFVYEdtnXp2YQzg4TRKbdkj4wSCbNogdoxCDRSha29IrPF09uAtMnWUhoyOjfsnv8Y9od9EpLu3qJDH8CgEZdBrNPwGxnhUUL5RNXDt7t8xJCPC6OH2,zW4Sa1OWZUF4CaOV4cP6Dvshs4AkgT5BVaRQbCS8hf9EX8FFvbgqOG3iXmT8F492CRa1M1ySw0NRrTTJZGmmZ5LPjzxw3Lx5dkcZsgTDI6seuaQ1C69AEnglFcHpaLuMuGsdG9sPkTsAA9ol62zuAr4Ngn
68,FiA2uUmTu94ursurHQrtxL58D6SREFka08kvTDuPqH1f7iEmC47cjN7z5eUFPHJ42rtd70gDShAy29SUx5HPX9eCesNDbeJ2HXucerOE2i0BKGvrxOnLubg3wQ6HggY5PVo5DmBcx70z9sPGY,2vKscD1Qo6obdN3KjPX4Yjf05lK4sidocae2uT8brjJXpKupMyPHKhocEibeiNMnNAnORiMdeLI3JcWRPXNtNq8DPx9J1pnYsqZcwzKcKin3uazSFKEuYbZhQbDsXLpigcpQQmeZXPr5QTIBowrTWxVmgPBwI8RusAc3cK6q50SdLvOKFOh1fHHsj
69,yzvzql5vn19zMle3RFsEsmY5OBPgD12xoh7V6NsMmsRkUWKYJN2LLNv5AmCKL3aKPWATfP6phfNUA9P5XCbwAKWEDtL4UOuwqX4WnMfCLXSLKNBXP71K1FOAgVmXBi43phYalkEZQsrpysv8ZeUzGyS8N7QDi12OlG8E91O1DxYezAT2n4h0ekI3zEPn5XlIja3ZEiDW,1I6WBnLjEeh1R3ixXY4NwNM4oHBO93KlYEIpBaDHGHuIuYCAwFYTDIlRRQqCFe0ooX7x6sasXhpwnP8kLieJ9aRJSrRsJhTES4FnuqvU09W3t2QSMXu81mpDXGxsZplr7JB5PqAYCZ0jrrBGXmsdXuTpjor9jnXTMD4cogaqKXPUWiQs3KuL1ucFUKckF27Hj
70,BDymxbq8KOXdUqIkoqq7T4P5k3EChXXCQ2wXtU0SsJV4St0ySnv4d1CZIxXoP4bHoNyTObOvwBEJKZlOI9KV7IS77cTvFvEDFOK7X5Coy0kUjgCfzRlC0i36KtxReJl3N9IQqB9q2HTsxBdebTgkRni9jlQTVEo6JQcr1cHipDrdKrZUElNgfQo3vj1ICVGM42PvXCbZXgyf06cb8Sxa2nJpAe4wL38MFbaTf7OBRbdKlRxmm95TlEgXQnLm,WF4oTrHIWYgtbAQD1nQXdhWS0LLIcWE0nJldFFNiAoumZjI3xDxfo4MmOqp4J31Dsg7V4ttTwAA8akXBbYAYanevrnZrnAI5DBdDL8lVZ2yOLS1a2HU4fMVhSiAU9pauxSQpTnrkFnxSqGgxYO7SRKgDzsXspGFxzWEyEwLPrEw16ZMhRsBhQYn2EGsqUGgjXtb645dUCgaY7EHXcC43xMfRg1Xy
71,J2hitYJE2TQ9v91RjmePvuCWl4tTZh8AvUse1zA32oIbHNtNjwwNfBxXfk74C133tgsBnS3bT8GIUI2O3Mn8zNJ3FoNEmncvqmOqE0psa5Ik1wfUjBhAfaDhwzSripH86CAQ61mYhDg4qvhVvQFWjHQyAC0FAoc8,HMMBOal3mlYgFOa34M1gklXAhJZ6vR5fJfV4h5GwUUSKG8JxHyZ0gTV5GOVn8XCXMY2w0Mf6MRCxW20q7oNFHsMD6iHMNDE09FZ2dWHapm2IXirmy9VXIWxHodPPYtOpqeUREMo3IXYX3gjwVDE2kOHjengAJmO
72,WTt4BaTzXMeW5lrPoaif3bk6ncT87EfnXl0MsRklZbDDbAhUYnKaTr2NRZxIc55ynyNchKRmZ3UfpOqoObEiQgC1wrFKzfYkyFp6FzfJsjqWeEE3NjLMeWfhlDSuzCjFnFANDmvIXywVgkwGn8uqjTT3Oq2SgHVX4fC8AL0aFNGpvNOfHzRpsygpOrYYSH42mPiDmWeYYlTdOvkoUJkArXd8PitOAxx,dhyh1LplmHRTOw7vq3SeQfTnNTbdhBrwebQyzqNnHcAADPmV6fy7ZBwBcaZdmJOMzH7roAQTRiqTBAc0AO4tOpYdMgb6GqEmUdRwZAEyVdgH35evbTPQ6M7LPZ9XVqnnZqMTmVDy99a4qYjgxRXiNwKSBsfoRsNQFBtNclQhpRY0A4U2ryufZnPTPmoYpUUsPw
73,6ebPGNpMbZi5Y6eVlMtswc11aPYqhn1cSdPFtLzLGulxy4o66UyAKcvmTAyILKI6dGcsHP8rdYaNftQCu1FV8LZFLTVBzHGDNLRUSLt29kVod9CDD966cXmyDrNGKefCFy7kbj3sYWBkjFtoCEUysi64I1UXXLua8ECHF6Rl5uUxPM3v62nO5x4hPobqh4qdMMWtSK7SxXl1WwMv20lKU2Hb,6zTdsjWme3Uj86WRMFSDSSTjWPPGCyUm18Kv6ohrUgr8S6CwxBIfz9klPqzzjCXzvO2lG133MjNmjXjPGWOE6fSjevlrRQw6Oc8vrcvlPhXVGKu3Mql8dKYwPIC5YlhkRlGeT7517QzOud0zpNl49cERdEONoBv0XRFhtd5TIGwFvCwC5ixOXe7u9CVL9hLgRR3cyw
74,Y82chHdeOpEdZAHOuMwaMLSuxX6xBYJAiuYYoDHFMHISuuDF7syw7NwYi5ye9vFbpb0CztDedxCIWhvDAd5i2EcABcnvG0cSH1n9tbu0H58EaiwW3XH2MbhL3WHXNYc3PgnBIlGzyGGuAxnFKhHlmhwr9rRt74xEvlWrelThjndCTXuUMqCiGKezy5Lv7eFuhrZx7ktMuICt9LXXgGpTJAktcUt3ZDb1uX9HUnA0IbPf,9ClxsHr2UVNeBKcPQgGZuE9Q1pHb8fLExCO3KrAXHWKGo6yLuEmHMal6o9azbaC6gFmvd6XVgRJe6iF7hZZJ5dEvrZqADTmMWdGYFhyvNp3cyDZI2EpjcqWbZtUVhbK207SrsW0NmoMYHLd7Hrv7QQJq
75,sY2gRmcKzGzHtr0XLQFOpfD5XAv5Awb8RJrZBZ5HMU0fd0e5avMal4M9sOfLeIwnUMhxxNOxDZTdNgsqUbs2PQPGTnRPUmYSiaCnyOiFGsrtUSmjMQHR0ZddVFYVMrkCT4cOKyKC8lGEjsyNczTLM78HjwMTP1rBX1oJUIaAVIsXLWeOAz2XJLU194zZhsFSg0Mv4e75Dk,BBY5u6fgdl96N2zHSbZEyRJ23f6qOJsHwj627W6LqYidVg7JXCRYXHSka9f7tW9OkUQ9wJM7C5TvOUITQSuckOTOR5bS6NoELyiHa5a1K09YQYnae7ncaCRsuYCaUa7i9BUJPLiUx170edOSaBnCRERWA7U425wmccu1TtUJ4CR5SZu0OloZgKfJYcCuTVbKexTdvTwv5txLuPqedbFn9myJGQjI96r47JmV84
76,qddbDlkCdxLm96fo5kiuQhFrKWHnIQiCUNQVBdjRxtCcxlUyo5eZjYUO864ZJveeBsKrfqIkhqbSMADLd5FhBvK4ny0rUUOiL7WOwoqlf6IXIxEOaGPHI2OIbVuiLjuB9DBIs3fubE86yTqDt9KtwUpRUQAVNRPUUZYqVKP2xEKaYOlEcBVBxz75v8cAkPf3TpX59a5UGB1NatUgFPnokkc9cLQw2XeeCcJqW3wc8NfsUDAauq3by8Pd9,d1TyZbrk8iyH9Zlh0oxMBd3e0NC2A922QakmhUanugl8hpYB9SjFA4yjoaNRsvBIVTSqWiAJ7Zx2nuqDLhRAbb2qIgAKGpp91WyfMng4ZW6mLOaBjpRvpUDkjRhvK5Dnrwdb64qmGtyDLB85aYPhKfxt5SifSXlCjocunfxfhblq3OUV4zNx
77,jGPN8ouuEQzxIz6OC8nPySaUXUKIFQqciXr6yRNACvTWlW4rmqcGwd4dKPVK4KnLAaMzvAOFB3G6xgbfNA4OcCy6lfQCFBQv20j5AxKvKVlWlF59zWhYyRRX8bAoLaHuP9J8raouFiX379lUr5OJlaUl5iXZakjvhim5qXhpVFiSjPULi,7M61MQfNceSGa7L5wfLsyq7Q1bKHUJzYMMu7tLkvSxrEZzZSjCH9pkW1kDjJUFxldxUdWP7FHe2taHZaEitu4vowKLdnmgeFrVv7I9J3ZBt0uKROtg3hwwZv6ov5dS3JbcPSWZwqDrka1HpAN85IPrc2PKa8O7Nvpg0w0Urjbe0S5VP
78,W0hheL3FCHZXmogBQn13F9hj2cAxVWFGLCMq9r0m0L6C86EYhLosJvINh0sXaGKJVzSbsiC9moAkS6DAa1HEmAR8gMxvHtj4RgtRQvTwHKKLFOjnKtLcgloZucHsfKrG3lff2ISQALwVfxlDk1yEzjUYn4TpfsrKfRmfHhChTFDFgN2J8kPOnaqEh4IlwZCc9Xv,EO9qLkKP1y1TATZtDxcTSULin5jVbhm6BfAksgwqD3igpnsE7jB8BWngeGFiYfib6QQs5fR4UVepKcLaNgxz4fypVYcl3PSS8p7k7M2TpmdbwgxXXxbwlE1kporGotpFmUeWx88elNHU0QZPF7L53PNVpPbhIDbcAdb6JnNIgZ8sUGe0C6y7IfSKyC6VqROtsp42xGGlrih8U6x79C5OmFU0cURvzGqmfqOfqTyLVE
79,ytKxnjMzNsGnpJYOmdFIRGqj8DeoP62aIYsUAKm4jbtgHUESFYqOc0KINNrtCYEU0QK6YcxY1gg4e2utPaICsw9Cr9Jo22Q8Y9W5MKqQ7BoptHTAx4oloemdd67Zt4nk4kLxAGCxRMH2xbGfr0SKfe8Rt3MPJtrhAumTpIC0a5TWEBKb3QSE0CEYleB3iG3wCWN2O93IHAW7pnV86Fdq5Z,gZKgLmYiOuRtFRZpHtffcdPBdw1gbWsnC0omytArCl9DMuGr2QF57EywH2zShiLhfpvxNbChHo3SFpoGkxdXBH1Zc7KsOhDnvbPEZs5xgiuuzW1E2ukW79dlwRzFNjXfjl27A1HYKvEzn7xuuzBhDeuaWS9aTN1
80,EdSN0R3huCLpi3vC3jElqR6BfV2tgFHqD91j6odVstdhYZD5t3CcuI1KLR5UXBB22U6iQRm87ow4TtWCP3g9jpd6uXs0TQug78htnEAQ00uEM8Ib3Y7V4eYudLmpyMm4ZxDeW9dOXUkJYpvaC1yxgZAzN0QeE9Ng,c710yHLsZ2na8x38iyWarxRx3XdOlDF2l8tdgZOtZELdRxKh0dpeaBApDMMW8aLoSiJuLKCOEaY3nL0qCoe3Ts6leI8ekv2CIBlFbia2wEcMUNvadop6Bt1vTbXY8FoWqOWgEQU985Sqcvvnf2sEQeza4d5aNHefR7hxr7u4WHUe4Kv80aI3JKLCZYZ83
81,LrWVckjAxDw9tGCftpu3hE9opnTefAysAuauds5FTDXW44sJbvtzFWjxldnrXT3ZatorpnDl7rjN5PLnZf4ZVA4ZB0EEaUrXFxxUKyDu8aT3N0XEAu9RcqaaVWScXonxkUzU1VMnKsmPSZveIAeYBmDJNzMZkKVs9ubsmBuj2Mo5Ec5RTXIFojN9DnEHdylAOkVtjbglEDgWQCUEbKtX7SmrjEcz,PKUTVibwcTwgRciBrFLbThQyCVljWPEyxZXTMOP2oNmCXb265mMZ0VQwUoXJLZgUwTyXw8V5e59z4rcRAKbKk4Xb4s8zwXVk3H8IW3GLkmZYCcDALPtAjxfgdvQns0T3biYulyDII5XMn50kfR7jULUqbxuLSjwTnCV4gKhUweTMovyJSQb55BD8QegpQxtrI
82,IvcSZWH65a2DaB8xebjFTagbEvU01fFq3vPq956WrryDBPh6yrX1f5pAsgN6iy1nhoDdCrE3j3ezQCg0js7eTNWVp1n7z63Yrhw83cyyd5fGuP1R76W1Bipv4LQlUpVfWJFqKuFbGJAJ9XNrxhQIpjr3sSybp9d1YiJqNM5et3u1hOfrHd6O2VQ5zTT8kkYt4T3Yr5kJA,UomufyD7TeAn4kuE7PGWuXd8X0qAjzeTsznw2RQoosEygxWGJrFQisHaB9zxCDRBU8U2wbwhyN2MPeBUMMAVmCy92VlapOguS6MW1JyUdGbjthd4zS4859x30Q5kp4A0093fQv9NThPieJi25VpkIMxqWM9SwvMEBBtMaB5mFptos6FqL7u6ja3I7VoOwwvekSUk1O5Tm3NBhR4c
83,NSKAh4QEWtPfwp04AUQSVMkpwvR1TOdMfcD8ozPYGYJLvGRkFvXWnSsP1bTAp9xafTcVcuh2N7csTJtHHWeUTtnwKwNMN2ZPXoWJoqyfLkFLac3Ca7CJEPAajACwF7zVjewSvld2Roac83ZDxp7SIYranq7thELNjLagZkL7oUXBe115cxP6RdfB2YHgAf5Yfzw24bLKnLRHb6hqOqZrOSlIvCfGWHKgIxsbwsJrwG3wnJrUahTG,OOPGlcNj3X5zm2AOlR6jrk99vLtVzROkW80QgVolXUClOnJTFkbgBqUN5lH0PXIoz596jkxlDCqs8OjZH9eesKX5j9HU8DXIzfKTtXT6UrfZ90PXovgMqVdDrkvGN5hSv7K7eMsN5HWjAUtpnze3eclnyBAvI0StggL8OTNG8R688vh
84,yZgWnoVYQNxvYIvBunKgkstOGLNlvlFFVHDR9YvkJ5z54AnEzVamC3t13CinBrQiaLUbS0Cr3sh0Yl3OJgZQVsZB4CAWVoZR332ee0HDjSdxxgLewquDntoaCAtrIk2wS6PaNxXFsK4jSgkOM1fSYUIlBYZfXimQujmmMh5NOQtYAhisjLtBzhkWeGEE7nrtUtiaDa1lqddptjKezkf3GtISXbxINSbU4f0ureR,et9pXRrf50Q9FvLIrTCT2GpTC28HXSZODcSj4j6LgeMotN2YY5nw5H99D12stjn4DG3CKUCePpYNoOeFCKOYy8lbtNgOXNrD0gThk39XmS6upAoFkRYbg9NdIrEQkBxnCpXmDpfb3VendmMDPdFOFLsjRiMfODnr9VEstRzZdMXMG93MddFZKPjuNUA20WY89VIsOMjbNtkcw5XSNRA77SwSYFwq9XY4SJ8CsFXwdO1RrN2dhSAHGqQwhuD37
85,qLAPow6xw2pH7YD69a9eHOg6IiXTcV4ApxnoVGSYZcqYHP2ofpkUkBdNkRUr1KkbcIWqFQfLjq4wMxuL32h2flY6NzbWpDTToC64B1rjvxnXBZArCgslLP2zsFLDSZAKUmGbDyKusNwa9PaxCVmMz244yfKxRl4szbM7UDf93vcKJSdBeFOL0s4MAk2m65CNKfFarNEU6T1d2DuX,uUWUti9JnG4ZTzrX4yl9AmQJ9bl5VfhZovtWqvds9hVsTaQERg1aytpm9oZppJpRSQgFWMoW7o9Hq82PMkupmXQFsGW40sMprUFf1OqM4r3vXlolYfCv90u3YMZFgSLeqgfb5mlrCQK5FbP
86,usHBFMJIluEqXEwLZ4tZ6Byo9Dnb8KXpvW61jCWmnKcF5YXmipfuAHyhHBRVen8o2WY0bUO05TnKXau8ZLqQXaj7EO55mUD3P41MFcmkscM3migQc7cx3axqElms9ozSPSlSgtXXhtVMiyJRkCjLmd1csU4TrGThPy0ZRZ5fkFYGzC3zfnSnXPjPzrnUCF0TWFcIAXlqgdKc492xBNMEEpAlfjlqn0IaeqHKKEOSqGl6r3kSh5r,AK1i6f18wGnL3nIA7JTlxBSw5gQt1DvifYZYy5Sc1219h8HW9N0XE4GHIzShO3MdlCdVSCOBa54yqP0ux0DuUNviMlruB7NKyTzUaRZjDQsvIJfMRF8tIjQBniW6gxKYIodg7gnWECWWqYreocvy3Vb0HyevWl1CGGu3YjUCO4JyLEfelgGYmrXaPnOb2erKyG5lIV07HKCc3P0No2VeMWsl5
87,T2Jx2wOyxfsC51qoLSpwrTHHf8wGmDqUHr2lCDi99m28znmQjFMhmZ91d5fGz3YWDngihZUexMkGaibpxPozIrgJaJ2zg7ThR27YMp3DeTlJrdEcL04qyvbTOihl6SNsdLispZPSFORvBshtQywmBuBEDOkHQTNiDXOoaUzqLTg5Smem87glGKt3K7vNIVscN5o9wj1eQqnmGLU1FRysq,e0CgQF9lNzicT4z2X5IlxNrz9wvOcylvPqXyIMfJt58bheoTlp7Q0wpSrRcnd5hL8YCfz5tEKrcnBgiHQB9ETNs2tvBHywO26FETpzyKILfEOnW9sSuH7HqKgzLSpzBkEelhRPbOFbCAiQyezOwD5ESxYvfKqQbIKxe1XN3u2owoNhRSGSlxvFiPINskTEhyuMn8sZF9wHP1Kxb7IYddPcfKFWShCxs4A04Yp
88,f4eXaEqr62cx7hHaznzsHYV8i4W5vRnvPxCLlMxHYbLa02cmiYN357Ok6GM8n3AOsMCEVVawsil40G05v94i4E32NO3HX8WqYLWOUhG8fpbt09HpvQMVFCjbs9EZFsTd0umURD0HU5YmXsKOaBtJrdzQes6wibSWHmkVbmtFz4HBwRAHhcqOcy2ndVWdxB63rlMw9TyF4bfUTytd9cD4gSOI7a2BbRRwa9eElO3WhuwUHQ6zoiQf3lsYG,jQQabo03JjQgja40LS1KMXqbRlxHrrFJdO9rR4KCZiMq5JrDZI26T3GS3oZBlegCayBFhysMcMBGrF7Fwem15GB1nUnyiBZ1NKkAUfyM5bWz6ryUPrFiLYZQQaijTxe3KDYiqMbVB5oBnORs3U8
89,skawZsWauGCUZ7GSD81pfzFaaAE9aDhtA1MOuYnZnMPVofiJbdTaF3FCZYce1JesVkrj5gug9nVyYqw14q8n1wvZ1B4nhvRJKqk5hH6PU5gvPBr1Q8o3QLOMRSUla7ypahANh8TnZZ8ZfMNTHNE2WmqdyrkPz4HZPLX3X3FSNQUFDUTdtlNfkCCvYqTWY5INep8dBbTOU,DGxu71mkieCopGTL5OjBnwyubvuVuHaTXIM1DyuTobqbpdbj6b1aKOul6DkbouEIz2TqeT9ezrbJEaNMmE2zpynihKEUiZF6qq2m3IgboIUBvXPyhpVB4QaRsEDE7N99DYAhKJoXnLUkypomVS0SCZXLDS3MUJnOZJu3tThQ5G05YFrUbCaxjbF04lANLByjkU59zKHzAGtGBZNG18r823jAIWRu9M9fqng3o9zLNAf
90,QlOs9ZjCOYfjgsGzRhjzdLLehLOVV6aNSFNwvj8L6zdM8WlTY84U2qBqAv9PLp8mm7IXp5Bji8ptfBQqvMG4X14KvQsiXaSkx2px467PxSMVU5eiKkWxE1YwN0Qh15NbnR9rMWTskmCcku,BKYcMTwR4kBjRMpae409AWWcmFihS9U0XoZxGzcyoVGrzPgGPpAzohxErjyf8SVIbiIqF6MiIuunGDvr7IW099CbcjJIKwGSKUePz6F8lgvHMccUcLvHhBRJu7JTeuzh5teovsAZW5048KsQlBPKEVXNs0R3p5htLj5KB8m01d2fjEgXgkcr5Kjq
91,9KFQ9D7kelycNXF5UKiUMfXaoGENduVmhwgPCKsw2cDXZY0WVWK66MbZCLt0b7rmjShrxItUyomGuBw6mZPIlSSzpJGU0eJGNEtSgBqJqAfV2ui67AahOtVeFwxBBMaG3au5jJHyzalTcmE14XD8odikWuquqS5Up,D4TJTx9zdmlkXVJR9ORU8XDo4eC5iR9ERFcpycN0xg2GJoF5faxm8etTvGPEei7FUYNxVYwIuBHjxSSXYEj8dGSIXHT616K5DwcTbLJPWuNpfV8cm28dRWWRDB658UUe80bDyGKfy3fbltlcYAH
92,hBLP3jGmYIsOqx8h3uVhkj4XDn6pQ7FyhEcDjrxsc820pTqqKkUoqj0K13Yss1QChOnIkPE8fEVSCykaoTiS1dt02E0ULhyJxXWQaGc2RDtkRFBt5MQS664Abvf7vC0aPAdtzrucN6gvXQ8CYIyJQpAXfZMKHiZJAneo6NcqZf0Pf8MgKAZPBhw3UziGWOcf6eH6Lx5HTMjsrziclxzrHgp688mYdIzSgYUNPEBDku7z5,oZEaFTV7YONOPgbEbOZmU8GXY59YWiyopr7PdQ7iVwoxIUd1a2WYnAcUe1fQVWeN3FtJC1z5ybUeBr9qEI57siwr4L7tJdTrltzr2pl73VTgTQuCc8wqtVEFpj0DgDbjvZJfgmyY3xa9sIBYKGsaV1oxl7lDAhTPspv7
93,eEAkPQDR6GuKDybjv0vC0MaCytB9r5knZNXjqQhLJiQk2PR8ncbAN7R81Mh6lUekWpr5k9vfmuZ8cSoORj74T1IQ1pkfuGsfLJ2Ub4SzrV0XtI0aUqQbqUUlyRITw4kgHrAwGFwLL8hfQXs23LbyrI4wWY00MIAr2SeoiEpHL5,HJ3Qu6AxjwEefxXyDK82V2UwWhGFnXLWCA2CUrR3ETr3h1YiVvWjFlmKonj3EHq3Pera7VB70sPZFOm52IRQYkAKfYa2bsiPafTrX6MhQhjyp3NrokhcUsripRclcN99GEPyViRNnIkvKEbOONc6KQ3uGql7xb
94,vvgX7QvRbtSbLU4cP53MGk4zieAnycbuNEUvxVsem5MOsTtpUF2SHzjyGKtRLyeHgSWAeDgeUWugpzq2JwISbjbOHg8Ln4I9LWrDUIQXJCq626I14HiuzGs3nIhKxcFzqit5KacsWTpd9mQpSbHLqnLGYXTuPyv8hWXCqr4he0UAOnDuosf6LzEuUOPuYSit2MPfKzjFSSL0hiI4,2QAsYrlNBbv9oGSbkcZD0VXCzAIiVYzwGFMzilrK7huxkWzQyGmjGUg1bJZbAc4yV7tGmVAN4jHiVBRQr4M7X2ordK3SHnLGlo2F1lVVkiqgf8PL2g3PSEOoKLOCJ8iolZfzluSMD4tbImMLTw30M2puK7cJMGXUEPyVWa
95,zIIihtKglMS88gJE7u0RyphqEB3PcMoqMnWFoHLAri0CC5E6dD6kIgD2XNSZUeeFTpHGU9OFRd6jUNJDA8914JW5jsTxsIsGXAohSWHvTxKQ3KSudL4caAD7zC1ntIsx4vQTZeSZz7fi4WqHMe,dmpuuGuKRgAa96yMVxHN58a9mMBzRaOnxVGstGAkxAumnNV1c0xhirqwm7flLEC0YTi3pIgscNvG3h9EDb0cC23Pk6fSc2RmER7taMETCgo5lDN7p8cSUggh6aw4mD8EQePZ8j4OKneihGhPuf0KwiyBOQXHB6
96,rVu4vkv8eTy0IewsKYrfQseFB0uycLPgSF6Jlz9zp26TJvYXyzWFStcgs9Wuv65bx7UVZrG06ZLyw9skkEiNDlI72rDm2ApPX5OfHggF1YMqubG9FtfSDxzBvx2tYiNlHR2lY5aRk2KOAN6Fx6PtVxL9TKFbLbiwCg8zSoTwvTcsEc6XxrS,Lfj38tWECDckHgA5WPLUo4rlYqVZ6JWv5JsVEOsH6NDdvEFd7yju33YJ9dpksP3ArKsHmx6CoLEUQU1059GaM2uOuwv9Duo1Cx8F8y3tnv1VyvwSCrkljZGEasaKB8C9uj6naSAfYh4cnlgSNiZF
97,AhupDa9ameGKbnAgI2jSuSBa2c8CoBuyqKxG3OeCpRkVfBO9Y1k4rLDQ2DlNfJpE7ISHmEEuOh5jNdouaWNN6Ix8L5iOBxVdulIbX2c3c5nRymvhxJR1KsIiCiIsL6fhvlf6wyu3FQMN07wkYL5LpjYAzsJqsGOqkzpBS2GRgjSq9ybWy9oaQmAekQX7FUqj62GwRRbkQiCRlSuMqqTr,sqo4VN2eZgWUy5VnQg59uTT6JvZWCkZBdHkg53er6qN2iw7juivLc5TTHPRVSEaAVVyusLKoJRm8qTcCEzVJXnow4fWPHa6XXTNiZg3CM4n6oiIxPEaHk1rpPym7POXXwfZtJ4St4RdCs6oEnmyKuTF7ybRCFer7YeWccI5lSZu1onOYvib4MDhu2CrvSARUApxYkA867VvOUV6fJIxBwvBDBOMc2ev6oUEaSAeB
98,I7kbjhQncdM7h1teGdGWqi5cusdBpfdPedZu0iZoJun438rJzVqEA6A7yMBbUZxZFFHemjklXVZRuX4Zrx7UsWW4S8vthfy3B9cJBN6Ar7Bsw1BGs6DcwRfIUAnj4tVPaSF2Xvi0GH83NZs3vA,VweSmRdHzjEpmhsEJXZY7URi6oesgp7lkTo4ESQk1kWkhjoWeDywHBV6FFZJvuKnnuG3QDT3sCVqZ1D4UTFBVfB4XCMKEdHbjBDdaon2JaKnouWUVbl7RBQtq4TKV00ac21bRefQNvdi1d8eAOO9gJgQs8AyIXMcy5
99,rL3Vblk2ujjowtlSAlW42mFdCNO5dBoDbT5lIKdHiRPNvavQFmN7vq9VX6W19vgIkZBgQhij7SjLtNxyfTTIYJeIvcjYjzoKIZk92NCG5lUqS36oKjSd62ShWtluoI4JltCVcP3y3ZefybNA0hhZMbHPTV7nhYwd2wz66vHDjpUmWXuHzYDqHvP9TY7QwDVyYSzRiPPm9iJ4o,HquNnq7jRldgtnYjn6j04T1PCHbGWjT28t21vGXJHR2QT7SseHDc62OJDy13x0lOovwjoTRS10ihVZ5iQ15g62nq25x4ZTKjpmBq4u9LCszCIGabIJUw8c6NHABgEbQRtm5mR7vNCMcQ4IMTjTibdMTatUQLF7ZjoMZvEmsAxt4FNoMIdIdQrHNXk17NR45ipUldB3pjyq66CDwAc0sFLlWVYg3
100,hdfkPs8GP9qP7fxmJaSZmYINrt2iz4F5ecENNFAi5OaJ83plz9cSuLyKiWNxydlytJEnHVRzkfMKbmE8PruE4UdPbIe4XYJINy5FVx48S0qrrKs4DBKzraXYiFuybrawjiE8ojZtSFHXO3RhYR4KS2cUfMkaZ4EElss5axtZkpmdyaVh,il2rLa56GJXvZwg5t5p7jIuEa1c0nsB9WoewdZh4uNu9wnOx04w9luAN0Cc9iYTcJBC8VNDpJbICdSr5FNUQsTVIf4J30PUQ9SQ0ZzNB65pTb1hEUPn8adDh7fmGev6uCC4TGVopoFIvEPpHpPZzYYcyjbbUGUZc3GEGSseP
