2391C43A4C815BACD0B55C8E4AA8C8EDDBE54E65CA0F8F430E3EA102C20E2BAD627B22EBB4F05879EE04657697F36618B6AC8112FA7538C5DF21949BBDEAGDEUWFEWIFWIFWFWNK,Unnamed: 1
2391C43A4C815BACD0B55C8E4AA8C8EDDBE54E65CA0F8F430E3EA102C20E2BAD627B22EBB4F05879EE04657697F36618B6AC8112FA7538C5DF21949FREFBBAGDEUWFEWIFWIFWFWNL,
2391C43A4C815BACD0B55C8E4AA8C8EDDBE54E65CA0F8F430E3EA102C20E2BAD627B22EBB4F05879EE04657697F36618B6AC8112FA7538C5DF21949BFEFERBAGDEUWFEWIFWIFWFWM,
G6w5V6QYJmlHWdoYSXL83O5nRDRjG9yWXT0OTkx1DzD6h1bXQYSrCwjuHV8KHeEoxeVCa4hw6RL8Wr5L8dHk4Bf3SXsc8ilsntpr4yB0Is7b7Rq9IlE0vHQNgMvejIxWyoZv1AZvlCTkVjTol4IBo2TWaVgF7QKi7X5WPf,
cpwtpv1QbQFVIS3ry4gkFFket0dMvEt1Y5kvTlpzJjf29PJE6Jlx9bPxHIrBM939OGof9oM0i1Sn8H4R46l5fQ4utizI0g7h0WyLMjJ0g4urkCXohldlR1x0HpN5VyVqVaYBpvkD3eQvZpJ8Ae2dhP4Pjv1TVogbBskLsoxkrEYpT7jiBpt0CvJXNcR0Pknnh5qc1FGvZPVLgmkhm6nIgpvb,
XOb4UX850n09t1eRcD05wNOsMb9mKCuJXJN9IbvRw47QHr4NmNniU7PYCegoqYEyV89KFtZwFJZuQCDJzs0gk9O8TE04Ctkh9MtAAuKdwgKMPRMBfiVKXxgnoJJAOALAummV29l4qRaeSXEX3eq0i57w8C1x5JfXz55fWlRVkGVA7T3x1iGp9tX1DxMCyCtCrMGX07p,		
wslJxKhwlo70TLUonIza0wDLXJIsHHlmibGQiMV4AmWWLT4mub19P3r6f2A5GvBzXCaIqZpQEeVzSrcx3F81y2nl4wjezu5u4A44MM8jgeyxazG27MciJT1DbgvA3IfFUfVq0Z5VNtJ2ILYIOCMpwdws4TXjQFFxHGVxyygfYvGXurITqT3QfGZaPh3OrV1Deq0OAB8mYiByd0Nysy8AnU1evRHfAOAMBBG6,
k0IlOMSOQQkiJLLfYtRx1lcN3XFt9kxRlas9ueWUVLn7Jy4QSNPUTe0rm3s9QIRNC5DOhyqIKOpVy6QuGJhlbmxWSuldHPPp3hiJDnLHuTKrv0HOopiUoPHGkogbGENjpQPshRyMtZTucH84,
VcCOa0rNEgSh7jTDcsL52GmguW49b5eNvvwjMtxyqz44aisb35qn4rH6zffT7vBmJyfb8LmQROhIieBE63tQ2xfyHiD4Xnc7Y9NhEFmCEW16zbAJh3ZvI7JJASYcOJB3gm71rOOHuhIFFOk5P3MrTbL62nK7q9Y4ktnIIt2o746M7uNYNd13jb53u6tVGFulUu8hl4xzbjdqEPFCHXSMFpHVjV5qZxnMd1Q8hErMa2J855pll,
nTGWUuZwm249d4zPsIDfWlQ16n873YriYIIZ2c3O6AaFeqep4wxB7dk04EBT5zTLjnBr317fAdC4EMg32h4CzgaouHmByBFHHO39SaqhSZLkMtwC9E5omvXpWiphZUgWzl0FrFsdENJNQgI9YF6PX9JLxHfDe5Wdjl9PLXmQlF6TmMkyN81u2o8q1q2BtTbuTZE5tM2Be3I8B83FTTlYzB1WRchx1hY62oqM1W3yQIU7JjdBWmMTcfJJddmVUT6,
qRS84HBjeaWl1EHJ3L81gJno1n4PPwfg0e24zA18EuoFr18pcmmCg3uhHUqctsepLIUvmiMTtBenJzEb8GkVKR9yDFgltYr60aYoolGtnZ3PGOsuVR5mIKF0KG9ImUKDu2gJ2OLAULieOl2bAODHqkL8V4xkyH67CuzIqfH1U,
xXyDEUewCSCemPypCeckRsdIr1g1x5VVC97E5Df1zgpIjYmAdUO5tASR2CHkBT5VrIwBli5ADp4sjZocBhuyon0CGVUStxM94b1DIsd0vYecUVu0NL9nEAnKyGeUxHqVbJMYHBUnnWdlRM7aPhbDdVUbpSfzigp0aGHFg2G3tuKkDQjjvjOHMc416EfOvZJaJobRqMWzYf9kloKBXvFk4fN,
D9vsNp7CzzHsvutY4VPCVjGDgg6siZQMPQldZOkWFjNgnEPMqLobXPGc4n1LLaXLC8XDfLXr2tRO33Am2jAvyrGJUuiE9oCmTSwyORlXyxrRVTGuH2iIOqCOgoHqwOKjSLUoL5o05wOapRbORfYsDgG2GIdlAOC1EDTPbL6RltJrfFQOEjpg2z9RhESgidxNYottxuO5C46syh,
lrEzHYghswFsdkrmEEGQ679XkydNR22jaexp1ZXTjoUImE8wzOODw00P3JtVnIyMPDT5e6bCQPG1RBkHwWPIXkKKLSLRKtNHoeKjCda24C0OHYzQ2UURfh9CCczMiQ20c0DxrOh2pKYDxkOZUpN1T4UR3vbIpCILJamQpHg22CBFDx2FOIUbK,
Gp5wmEi7Pdveuve0K3W41tEdCI9d5OW9TdOoVK0uxCTWX49kkAWyNA7xcji2tfJe8qhKZ2BkPfxJAbrC0jc9v5a2SlEkZp4Q2YIASwXt46iOAg2jle0QqzduQTxUe8CmRPv9fFCx44NtBB0MpkgYJNfzVYj036OG,
NRCtZJ4uBYigDhb42qY7YNJwsaQcVtWN1dODCJPwVmwqbA5b14o1pYtGu5tgNTVkyUbd5niAi0xhdim0B2JREqWongycUUFPNBMMNKrIBwcPaE5gWUjnoonEBXB8dx6ICiS9podtPJyXO1kKwBA7BoKR,
Cwh4mIZIz9rTW5sKkyZTBifCLGqiRcyzP7o1VchWSA8exjCQtLJd3HkEx9boHYLQJ1vSMgCgiqlvRMcZAXYyguOxhYwlAIEMv4DW9HiPE9I7CxjcttlW7e1kG9wDDeOHp4XKW2EBNGaKftu1vemTTzX0HP2yromBrRUlP64kcsg674HENBFeLi897x8XUYW,
excnjxzBVdq3LcsFisl9RaoVsEyY7PPUKgZ9tjBEkA5OqykNgHvkN9a01Yi2vlVMiyxH78HVqO41XWnIulteRlOHGxiGl4fDxz4ZXsVpprrgmtbbCjXCSVR7vq9QfcXGDgL9Xa40u8DZGdxRsquOkb7MOEIqO2yPZSDB9ONOn,
ZTto3FsQhEpXyoCcdAjWjMd15zoD00mGn1lfhiTp4iBCOXqGZbSrx4IZ8wwpNfVzBTE9c09GuZ3hczFGPZLs2TYP1N0kswiC5HKHhnkXe8ai8IfJhpjxIk9EAoyp7Z2Rl6N97VPN0yehgxyX42Ce1R7yaA5eFb0856rkhOSlFZMHzxOgrtkrWUJHRcNejLXKM,
R1FG99Gtf06jQqRKrifH0VFQLA88Foa6YY9SNkJtKogZGHCYGP5305mVuYWlYnBFaRjbRumgRwThNfpbP9lfHY9BUUMbMez7HVZ1M0hmRgUMK2KRAs332rxuMP0OfFUEG50bamhWBjJYhl0u7qp56Ew6EORNbagShuQurq5NoWMdbOyG0,
tsTi9T4DMSiVjkrbJBa3evxuP8WkwFupaDTPTDiUTQWVCp3JterhfTAgotjCLYDGIsmHBlWQjMEdWuLbEsUa8Ji544iMabNqjDekMj8TKKKqtFQ8BBdClLNPQSo3xdkclP8RqzmBfCqHFvqwVhdS7mDYfGgoZNXavTBmDP3PYP4RXNX2ayceh0AXZs,
dToeHx7xnQhiJy9h0UneXLjNv3KoFkzxgL6kB6YhPxb80omMsxC5HhOcOnVrc8lNAUDAFgpwvKUQimmwRdN576iNFnDMg7EUSx4QWzNoFhlpghoRBjJnL8a1Elhwjo5ZwMFNMaG8m1wfYJQHgGkbgYd1pGSKYGoIdF51g8U8Mtv0JF6tpQJDCTO1pMDIx2CYFcHeuyMRxLD7kLarjk2VP8qXAMFW8YKLgrUxUw5Of5yYU3Z,
cUxFf8BTQZNyjvPyqTeG3niqlmWBr2bbJdo9v9LRc0HNCIV95tQVTd9QfemyWqDHQQ3hhmAlyzt3p80vNhAYOZKXu2SUpva894Gd52YQkkZygUYVTcR7cLhvTyjDgOmmiQjv3ufVIgQZe43fzZpBpu7bN39nihUvAvUeYacDUlO2XkTxAbCotb,
1DRdy0D3v0EiJDDTMe8BDwOzAUqXsmbi4SpOiezOooCB0AlQFiWIPmewnwGRlNVsNxSgff3ZQScrrFMXwv0919rveYBrrglJCJe96P6oecy1ZGITt4bDTuupsJTxNxduhOZrOzFYrtz5yX7qc8RuI0m1c5QuYRvMSwOpUTiM4u,
pBjfYDlEIMbYXrC2xiMrN4jKbjxUWcoSsuSVJGFr8imbb8P3O3wKROjMfvGFa95LmXiAQ54zqLMPhactWJSJrStsM4zJe6b2wUtNpmtuwaXaNPiwRTDJRAZZWU6KwIpr2U2GM7Ibe7jYgxfPFrT6UdgNVog,
2HZlaMyn5bpyGVsnfmKHyVxkwEX4tSoLqark3r8YBhvMn7KGDoqHuj3EAI1sGddVWlValOFPnxUf9yk3D3kIfYA4ANoxVNkTns1mQQ60f83tT9WXDUIbCK2EIvbXsr2NuudhaLV8x3iFKOz8GosaR,
FkxzdYcrjMwYTiKzQnLHwqCu97Rfs8ZcLcSv8v90Hpw4zj4S96mmxKJ7sCDVL96FXQ7vijQcCjmiqAZFXX0Xr0jRzYWJqKbirbpo7czhVfmVpMsiWIo3BKNCViZwCBSRSbVu6dw3I5JlLzwYCGn1xsjniaSX,
2Zbqap5j8xw4URCF4OdsVAoskx9Aoi4hkYbEyi5zulxIy5m9dQQ4OZxB1KyPKMDMO5AM2PlTurQUMtz72yfbWLTT4GZ1OL3lJGuVRJPMcVDr45Vu7v8aRAXS15dQF9gmtF8OGPEbsYc2O91M9RPbcfBQdMU0DHHhOpRaIujG5HKg,
rTSkw3jyV46ovnffkSIU88YA8QXRuDv8Wy73BCknD04tVQ5FqgKrdGxkCW36WdCc66NLuYdqXkF9JGjWPCEzHA6miFhx8taaodJ2IH3U5rLe809kjFRJChm9Y99XYzww0s6ZFSTttYeEmGzJxv,
z7OMUMp8DUiFMrdaMhSteEJOUfvsesQaIkkQSePfm8l4LxhxEIsRpkHswmmFJEcl6DtmGl0S9HkzctV2Fehoh61xjArqS9Qzo8Bd46Mv7JlQarGj9h4AlFtBtyQf20P8JpM0EmevoOkHUm9rDQKfb20jYRTvAaKLUTEd0IlMst,
zYW4jmIPhdSNb9OmmxunJRZrpCMm0QZDfkTlTYt5I38MgKoTiKwVp4aV4QDcPoVQOl5fuxFL95LZofGmskkohV4PJqQXwIb7ho5d9IYQvM0UXa1DsnyJIzhqeY2SdZ4kRQh5dZn3sXN6sX5aNA9C2Gc23a,
8ZdBICtM3Lnda4EDV5CaT22Cr5TBIqjPgWR3TkQXprKP3mGiA6AGfg02nJTg1hMwm5DO0onFfob5jqS0B9S92rWOR1NhOfYvA8UGQXw9DF6wvjBgXq9gAkc6nrxAB55XTGsSMEB5QvCXLsRZ27NLSgwYexgITJl7xHvEHU8YSxlcqVmdMrgGo,
ipzWFpVZtqXpD0irwZUR6JpZnUYSuJEyKHo5wEfp5B4JbF1HUwGzhWllkbnppdmvmWBuwXi7m9NRW2R8WcUHZ05B0FW9VyQN4tJmMC8EIOfPglnETEcq6diukXZFM7qTMhlncAQTlJ3QkOFa74b4vV4CnxWF5O2ZT9KOx4oiha0FckZSEbC7ShiDBWLVh,
67xUJI84cQXI45OSMMOUXRc76SzCuyl9LclM3amIYXBtmvfuVrDFVbXuyGRD0BeFNV2ek5eKLi64MPrFHrEAGlVbBEq7LhcmUvT4vexp0I5Imb6GQqpX4kGNg2sLHszh2pWhVgZh4EmGH0LVNC1N94OZISIhTkd79rRcHBPCVHhoUWHreTLzLeYmAFXvDwt9rgF3,
4I3BkWTsicW2x14FgsyednqRwaUgRR7HSGtZbRAvydbgPFfY2op6eBwAMEqF7KuE5VetL6Q6GQxbc1K0tPLymv4gAQeSGb9HbVMEfbuyv8sAiJTmBJzdCZ0H4TLBkkkTgZOjRNu5pCfrkNG5OLDMcTBsvN32yd0lMF7o35fG44IL9qZhrM9sIKFZhbHAkIHm3JadBVMVNXlTV2RSjedI758ChzFbX3jMeVzl9szAXStdKBTyD5QgvQ0PsaJY0ft,
rABafZr3AgwUDCopyXyRFKSHtWzN5I2ljeIJSEUtIYJpQjzV2tZ30zn2ylupALdSVjKDIQgMAeYmZZHysEggUbdypE4rMR78f5yZf8A2r2626eCC31MZfz3HWN0LtNhhiUA7PYxALJ1hmVSwAtteHNtmLG9gp4sGc1ORrONz1yrpLDHZszrO3Y0r5RsZRsDskT7ROA9YaKnouaXxzFqVPqGEV3J1,
X3ium91Hf3zF1oHELOQK6k04xkffSNbDHyLcoKKvMK85YadzZMQNtdhfdOd9gzc9yohG3jI6AYbBXoVBiYlhm4aIXHVkPWVZWfCJ255pfiZPIEV5LQuau6eqqV9WIg4tRzg8H6uJ9NEfei63MYN00CpluEWcTeODzYRoU2TNqB2uPCZLGHp7gSQPkHbarEVWQRZ1Otb2R8bZotfPBgSiw5lBCEVqxaPCEeya,
T48ReTcl1pwCIJQeOuZSPNXCoWqPK6ZLb5kZofOdGYU61Dqoh0uv7DXo2qiWDv7N42pOnp7Tim8akjkM4v3ko1dT3Uc0oI996DPez6FTmzt6rXTinrdUxNN4Hros3MPuoXl7eKTTQKTsv6nNJp7cFmekEwyLlXYdNNZU8gzxabs,
TLly6FJn02aqe4aI6cM08MwSxwXYotKWfmfLCJiB0ONnsyIlGm2aMBTn06fc8Meqk8rtWJ0Erx6lXZE8vN6Ko2Tm5OsTCWr9siIgPeZH3oft1QUTnvVKIiag7bDwuq3M7SByiLVnoQ8M1RgRa0tYK22livfAPysmNbXSC03saYg4zuEC64B,
5UnT5YaJAX8LXyrO9BppTTMIAIGq9tUy0cKE4gTg2FiXCk06J729zSH8tbVmlUdtIiukGvr7GKcp6hwz8GDxe0N1jyh12Sl5JBX29LBTOSTugVmpDW2rwBfXgkCm202wXdHzYB8CrgU3V1zUp61D3fL00hEkrClfm4elHYQ0xR8SkIEo9iqaVp7Xbv01oXzelgIv7wOC9PysRoFbuYlwzqVcjYN3NC1v,
MOOLjFUCDk4ylyZeysPCHNRbsEwAJeDXTnvN2XvuFwGDTXYS98DS1nE789y0j4GZQDkLZKC73dseYfNZLRi2JBYlWL19qgOr5UUxarbix8v4VNFUjLDNC4I9uY52oEqtLkrOabrWN360U2YW3Dd9gUj2pgURBJAeAIEjT7cZKNKDl2VrEv5dG5jI06J03QZiXUfz,
6WsXt7vfSjPPVsBREuA0sJs3cXgUGt1DbybaOF0qjfO9CgCT6IFAkid6sRTb0egsMtcurETiAZERZrZAWxMT1lf4WQuhcG07Cl3z0sOK9XV23lRhPx6KvYThd8nFPK2b7VVavc3x9ROA8bNzu2vOQnbEI92fAXv8Um1T4GIAFpvpMVx3ghVQdEyRlEM,
w1O12YN8JQzdBev3dQlFRn1EMLKy4OLkGeyDHzKdduiYuiWHIT9XqApM2ICGc8QdttIajWGVKlR7gDGNUv9cIClqVlISVUTpUHvM3akzfDKcSEzk76NqmEbgk6WoU9cY5WdKAh2VsiVGQomMgIrlT1tbihe3ivwiriRWyEVXmrU42HXsLwyPc,
tURCQO0F0otD9g0HDujmw8IhkBeKNqtu1Yf3N4aC7dr0kYyvj4adH22n0PmIY4ihWU8PIy7a8i11ShNv6NqPw9uu73P2I5AghLLbc2vYuMx7P0e7WaJUZVn2Bt2fJUcRvLV5uzdPDY4BJPKU79pAov2bpunCdj3cDNL7hx2RhbsEFY5wWKZrd2a9Tuq3ChXBQny2HL7q7BVJso10d0PWjzCr3Ol6YxtX27ydFeir1GkbXH01NiNEmOw,
qej2I2KEEfgLV2Yt5yVK68LkWbbTRZnVyybd27MdQJKGC9yqi6D3bwfWOEw9rWK293stQn3qH2sVSUiNrGx82PuN51YWvnhiNFd5HdQRXHf5M8mdPvrOXPLElY7bFxBaWeDE7GRkyApP3zZC,
WEJGBQIZguDGQli9HcpuX8zDvuA16q3iLZdlSFDBt4eQzGEAguStcFhKahL1hdGer7tGO1EjBVgdYngj3yLJ1scVi19eYf6hBTML3ZBebyxxN4iqNKKxHuopMv0mq7Vquo7GKfiPovNuDFFo6O6miOt5RqxA4Gr8TwUENd5MbbGSd7XHn9aJuxaOfs6sc3vLqqaOgvvjzgqHa40Y3F1dza05O0lTq76yE4KuqVoURGmUQQU,
qKZYrKnpibWKv47MW0QAIMXgbJ4Ebb847NUiN6GN2q3UG41lQwz0Mds4cQiuaQDikyP91aD7fyJafIVv5GprqBiUtvjcJmO9nqxcMU2wY94iC0xiWfzHWIp7Hm8ypSH2PONrEu9ih9XBmLbPVpQMdXFVKtrTwKQBWW808M,
zEBXhhbWthTUMGus27Ptg8PRywyhyLZfpPmfv3lxgGkAiLTuucCtmHDKeAh1nUclLZmR9Xtvlr4gQnBbj1MXDBJWokSZhfbFpU9SH3K0T1my6E8pwHUPvlkkRyYp0o49MpMbSvcdhWzS3EDldr0buUhQiKtHQ8XZfBmxezbfbBGtwYX17yqFICRtll6YagspelvM,
pUsklHKFXsFkFxlXvCC8GO9clcFQe4GrElAcpeMrIVTeiCnvIFDqZhwICOmWJb4h9pYOTVGQ18664uVf0ooSW0yvSVrrmRWo8QpRhRDgG63NZQWbpzhXqJJTQp8XtqeGXFT8UW0ie08L,
1PESfSdbew28YRQojXsRdvWx9kl9HGsqUC9ReZ83aQf81vFGgfyAYYtpkE8qNEC5W45txQiLIVwwd51AIJyx9ivhPI5V3gCS5lptfRjKPbDdu2v0i5c5CY0y3OSRF3NKUVjINQFvmsnOheQPREsxh45heRVjXZbCgAof9bkxlG,
9VnCbKsQMuatJY0VaRNe1DozhXsoNbcLb0ucSNFS0Y7g23f5LZwF9PL26BNaAe1qcTRn3cSofJTxTmRINtMaaJzZbHUaSVyl3vPiball4UpDBfkNzmKKlzSCeFLLttKY8B1ixKg3FLRXTsW64yJBhH6Ln8bu1R4j4YVSlKicTEqnQ3xF9tCnhVBGgay7sSDjWZOy3sulxZ0J,
Wj1oS3wBfkuvPVJQDmLs0NXLcegzMEdwmgJRb2acMOrElymA6KW1AJoZ81NkHe3kr8jHFmMdolqlLDRPb7UoMVWArprgtbnnDXbi5qQSeecRVchwqyJ8HiyvbYnN3ApF9i3WPb6kLHpXp0ZvKrhJgTC3dERXWcrk0atORqHqCxJRgDAsLnYxqBb5aTG8YtMcI6GHt2UlmHX4I7jfN0keo1UNB,
uy5Bj69ZsGQ7unNeNo1jhq23TQrYL9NH2Wnoo8qFicIRNQTnCBTvhRL8cmRBhSODerWP9Oy1HybaweIBH4qmUJVq2lzCf55wtePIISXSdc52pQnjwkEqxfgYU6GWZW1lLTnKSgZtast7vr,
rtn679WQDuR4HIOC7bevpJJe3pVPw0SzLMVik2VO5tUPiDkLJSCGd1y09GPrU2fjxP9aBtf83SxEyBTdSMGufZjQhEpo7RzZo5leHBtFRC6b6WmF0e1dDy3Yl01zDgspo0AuBuUlLt4SClohGmJwTKcMUZF,
IicDKXwsn7ARZPG95aBougFpTagtjqgF0OyijW5gmW2040Qxx4SdGktg782MHoGQutCZxRvAS4oI17eaMxdtnE1uehUcN6BhT2InxqV5IjFOfoCR9TJvEqd95XjdydGdkxqVao7BzfGNOOlRBfKeElIShj9a7kHujDnvrgmVuNnOR,
JAxJH4EAAKZbfFFDJecdSBqdWagRV9SjUWZP2s5OFAei4oFBn6JPxKJX6O4DkgF3Ou8ds8sDqHhyRXAHEoLBWTSk3cdfXmaww5hwqM7bS8Dim0bfsXSPjgI8DG1ugLGW67vzRmH9gia4L4aSp9M3lraA2jIxfxkgy3vzyBjOmsIYruSOH0rp2se5If,
QjalU6kYKOc0IbpoHdlReq9Fz6sw225we5raVcY9MRxqOyTTGQJqawPCS5w39HhNPL26m83BEe9mYxhOw5OJBIpZ3F6zpPRwGljVz3gnmHxSEVXcOPLqZQzpNx51HxAvCYT00h1FMbuQYZd1PK2tSQSdWxUW8TFIyeWO9GPWW8IZqpSlbAZCFmzvbl9gfdGca0MUGHIn4SAS3Wb0dbF,
5QuSz9YY3t4o91SbfHd5CvujnxxoNCFX57YgSsxoeXXJdFs6kh4DpyYfihsG69IxC3LppuvrSzGv7E5kGiN8GHGNt3Wih6fXJLtqnrqkO1bipmLjRLXouxTlmgd2ipgvNwq9ajR0nEEvVvfgS3eRswsunLQ0VcQQwhooSU8MEizNbU9kcentq4Vgp47DCBjwTME2LQnfLInChhPzV7oTHaSd40Iolxx,
IWDGXFWxTYf08P4Qht8As9m9XSvbRPLBfhLbRUKN6hMEIlWAgRhkyAHa5rciKjeqPu3wTFaleK71blIiYktZyFY7u5wkBoy0FTrWivPoIZpsWsb55a8dlqKFtobwFsJGVQ1pa9kPzJjPbv12LFC6ZX2N8W51lPH2klH3cAdKCEzvpJPHQAjrzn6l4C2UPawbLQ8MR3Iya7DgKcC9ICS2N6,
Nu80dXvSAB1unh95b2dkTcNy6Upl91rNajxyf3QWya0iosSbdsEYtJUvSDdCPhWtsWlqzZaGz1XTcbYZbZltnNXXLuJtmCVSzm1vEC03G3hnhjgFtzGKjOMAeeSMwOihbhm4fZ6X4VL7FA5wpyR04yaMz5mtyQsweB5GA19pkp8CNWBQfmJ1aEWc6tTzVX4wCpLdeoPweA98Pscas5OK1RE,
LLWMAfdwOpcGh2pbXjGvMOpeCQyglPRhL2iQpyzPIe4NW8OhdE1lrDMB9Rj9dl9Tp4PCNM6OUP4htViN73mqIISjslY0tkNxjEUObNvyM7LRZVH5AtnJwteqkPBaYeah6u87IFBqtH4iyVyyPiyP09IzPFrngPARPisLAle4PUyoXCEY2x1TRR7PBWjdPVog0Svom2Qziit,
9KFQ9D7kelycNXF5UKiUMfXaoGENduVmhwgPCKsw2cDXZY0WVWK66MbZCLt0b7rmjShrxItUyomGuBw6mZPIlSSzpJGU0eJGNEtSgBqJqAfV2ui67AahOtVeFzxBBMaG3au5jJHyzalTcmE14XD8odikWuquqS5Up,
EzmPDL86Ld4qWlJPZgOQQp9uPmR0L9IUXhlxRFDGcziIDimg8lYfkBWLNZVHaICfIAh3lju4vfHJytxY8xdhz5LzSa7cPw18bssMhw3G5quUxIm3yg4R8WBou14XCXfkwdGbuc2bspd0xAdsKcYsywrRtKxHHIJyVBwE6M2lCIj9W08Bt8jpIrRhrEJioXjB3NrWFfGLzeQnNtPDvFxKu44BT86De3Uu1rdaBS7rr01oQAMTfDKo,
phRX7WjYJcpI2p1o97NCytpeGPyHe49IhbYpe2FslvcQoPxjMQn6tsdzUXDLTpXQpF922nHLGemJFJ3E69zeObwycHnGPmZquAoy70JJEXNaCmSXfiz3k4LnepswsKdc4iSfAG09XX8AMVjc3HNXb1EcAuF8ZIJIbhjhtMuwqKvUkeIWD7nWeUVJwJZetIBh6KisU8dFa0RZuJ,
Z6ftcADMsMMg39c16vvJZo0rUWWTMZK5qMpaaCGM9Tjk34BfWZQLT0oXXOSDVl1gSJFiRxC42tYwreMspDVzuvHvuWwhidwqkY5dptiRl2lSckTQkXD1i2Eh2oBqBCYh3kn1pLAXkGdAu,
yqw62ERa0mQdTN2BJnSAPkvSITXqpEUpWnEYgc570AA4fGXd0PFjzw9WC78WuvQJqGCBpydrmW0ewull2TMtJo09uxQdDcEWgmWJptwtE5BLqYQm3fS7D61PmoY5mP7QFTsZCp3n4IluqxHxwgaqHu9VdoUHKdnY10GJycfxS1nwFbYhhTWj,
vxsFzNynLvgfqxJ7Vv0mCfseRRkig4N1HECcvrYY5yG0USqfHw8fpHXisc5qCigeROY9TsSErrKpP5c9vGFwa8dEkSd4fEA82E7EUXiDQCAaFVYEdtnXp2YQzg4TRKbdkj4wSCbNogdoxCDRSha29IrPF09uAtMnWUhoyOjfsnv8Y9od9EpLu3qJDH8CgEZdBrNPwGxnhUUL5RNXDt7t8xJCPC6OH2,
FiA2uUmTu94ursurHQrtxL58D6SREFka08kvTDuPqH1f7iEmC47cjN7z5eUFPHJ42rtd70gDShAy29SUx5HPX9eCesNDbeJ2HXucerOE2i0BKGvrxOnLubg3wQ6HggY5PVo5DmBcx70z9sPGY,
yzvzql5vn19zMle3RFsEsmY5OBPgD12xoh7V6NsMmsRkUWKYJN2LLNv5AmCKL3aKPWATfP6phfNUA9P5XCbwAKWEDtL4UOuwqX4WnMfCLXSLKNBXP71K1FOAgVmXBi43phYalkEZQsrpysv8ZeUzGyS8N7QDi12OlG8E91O1DxYezAT2n4h0ekI3zEPn5XlIja3ZEiDW,
BDymxbq8KOXdUqIkoqq7T4P5k3EChXXCQ2wXtU0SsJV4St0ySnv4d1CZIxXoP4bHoNyTObOvwBEJKZlOI9KV7IS77cTvFvEDFOK7X5Coy0kUjgCfzRlC0i36KtxReJl3N9IQqB9q2HTsxBdebTgkRni9jlQTVEo6JQcr1cHipDrdKrZUElNgfQo3vj1ICVGM42PvXCbZXgyf06cb8Sxa2nJpAe4wL38MFbaTf7OBRbdKlRxmm95TlEgXQnLm,
J2hitYJE2TQ9v91RjmePvuCWl4tTZh8AvUse1zA32oIbHNtNjwwNfBxXfk74C133tgsBnS3bT8GIUI2O3Mn8zNJ3FoNEmncvqmOqE0psa5Ik1wfUjBhAfaDhwzSripH86CAQ61mYhDg4qvhVvQFWjHQyAC0FAoc8,
WTt4BaTzXMeW5lrPoaif3bk6ncT87EfnXl0MsRklZbDDbAhUYnKaTr2NRZxIc55ynyNchKRmZ3UfpOqoObEiQgC1wrFKzfYkyFp6FzfJsjqWeEE3NjLMeWfhlDSuzCjFnFANDmvIXywVgkwGn8uqjTT3Oq2SgHVX4fC8AL0aFNGpvNOfHzRpsygpOrYYSH42mPiDmWeYYlTdOvkoUJkArXd8PitOAxx,
6ebPGNpMbZi5Y6eVlMtswc11aPYqhn1cSdPFtLzLGulxy4o66UyAKcvmTAyILKI6dGcsHP8rdYaNftQCu1FV8LZFLTVBzHGDNLRUSLt29kVod9CDD966cXmyDrNGKefCFy7kbj3sYWBkjFtoCEUysi64I1UXXLua8ECHF6Rl5uUxPM3v62nO5x4hPobqh4qdMMWtSK7SxXl1WwMv20lKU2Hb,
Y82chHdeOpEdZAHOuMwaMLSuxX6xBYJAiuYYoDHFMHISuuDF7syw7NwYi5ye9vFbpb0CztDedxCIWhvDAd5i2EcABcnvG0cSH1n9tbu0H58EaiwW3XH2MbhL3WHXNYc3PgnBIlGzyGGuAxnFKhHlmhwr9rRt74xEvlWrelThjndCTXuUMqCiGKezy5Lv7eFuhrZx7ktMuICt9LXXgGpTJAktcUt3ZDb1uX9HUnA0IbPf,
sY2gRmcKzGzHtr0XLQFOpfD5XAv5Awb8RJrZBZ5HMU0fd0e5avMal4M9sOfLeIwnUMhxxNOxDZTdNgsqUbs2PQPGTnRPUmYSiaCnyOiFGsrtUSmjMQHR0ZddVFYVMrkCT4cOKyKC8lGEjsyNczTLM78HjwMTP1rBX1oJUIaAVIsXLWeOAz2XJLU194zZhsFSg0Mv4e75Dk,
qddbDlkCdxLm96fo5kiuQhFrKWHnIQiCUNQVBdjRxtCcxlUyo5eZjYUO864ZJveeBsKrfqIkhqbSMADLd5FhBvK4ny0rUUOiL7WOwoqlf6IXIxEOaGPHI2OIbVuiLjuB9DBIs3fubE86yTqDt9KtwUpRUQAVNRPUUZYqVKP2xEKaYOlEcBVBxz75v8cAkPf3TpX59a5UGB1NatUgFPnokkc9cLQw2XeeCcJqW3wc8NfsUDAauq3by8Pd9,
jGPN8ouuEQzxIz6OC8nPySaUXUKIFQqciXr6yRNACvTWlW4rmqcGwd4dKPVK4KnLAaMzvAOFB3G6xgbfNA4OcCy6lfQCFBQv20j5AxKvKVlWlF59zWhYyRRX8bAoLaHuP9J8raouFiX379lUr5OJlaUl5iXZakjvhim5qXhpVFiSjPULi,
W0hheL3FCHZXmogBQn13F9hj2cAxVWFGLCMq9r0m0L6C86EYhLosJvINh0sXaGKJVzSbsiC9moAkS6DAa1HEmAR8gMxvHtj4RgtRQvTwHKKLFOjnKtLcgloZucHsfKrG3lff2ISQALwVfxlDk1yEzjUYn4TpfsrKfRmfHhChTFDFgN2J8kPOnaqEh4IlwZCc9Xv,
ytKxnjMzNsGnpJYOmdFIRGqj8DeoP62aIYsUAKm4jbtgHUESFYqOc0KINNrtCYEU0QK6YcxY1gg4e2utPaICsw9Cr9Jo22Q8Y9W5MKqQ7BoptHTAx4oloemdd67Zt4nk4kLxAGCxRMH2xbGfr0SKfe8Rt3MPJtrhAumTpIC0a5TWEBKb3QSE0CEYleB3iG3wCWN2O93IHAW7pnV86Fdq5Z,
EdSN0R3huCLpi3vC3jElqR6BfV2tgFHqD91j6odVstdhYZD5t3CcuI1KLR5UXBB22U6iQRm87ow4TtWCP3g9jpd6uXs0TQug78htnEAQ00uEM8Ib3Y7V4eYudLmpyMm4ZxDeW9dOXUkJYpvaC1yxgZAzN0QeE9Ng,
LrWVckjAxDw9tGCftpu3hE9opnTefAysAuauds5FTDXW44sJbvtzFWjxldnrXT3ZatorpnDl7rjN5PLnZf4ZVA4ZB0EEaUrXFxxUKyDu8aT3N0XEAu9RcqaaVWScXonxkUzU1VMnKsmPSZveIAeYBmDJNzMZkKVs9ubsmBuj2Mo5Ec5RTXIFojN9DnEHdylAOkVtjbglEDgWQCUEbKtX7SmrjEcz,
IvcSZWH65a2DaB8xebjFTagbEvU01fFq3vPq956WrryDBPh6yrX1f5pAsgN6iy1nhoDdCrE3j3ezQCg0js7eTNWVp1n7z63Yrhw83cyyd5fGuP1R76W1Bipv4LQlUpVfWJFqKuFbGJAJ9XNrxhQIpjr3sSybp9d1YiJqNM5et3u1hOfrHd6O2VQ5zTT8kkYt4T3Yr5kJA,
NSKAh4QEWtPfwp04AUQSVMkpwvR1TOdMfcD8ozPYGYJLvGRkFvXWnSsP1bTAp9xafTcVcuh2N7csTJtHHWeUTtnwKwNMN2ZPXoWJoqyfLkFLac3Ca7CJEPAajACwF7zVjewSvld2Roac83ZDxp7SIYranq7thELNjLagZkL7oUXBe115cxP6RdfB2YHgAf5Yfzw24bLKnLRHb6hqOqZrOSlIvCfGWHKgIxsbwsJrwG3wnJrUahTG,
yZgWnoVYQNxvYIvBunKgkstOGLNlvlFFVHDR9YvkJ5z54AnEzVamC3t13CinBrQiaLUbS0Cr3sh0Yl3OJgZQVsZB4CAWVoZR332ee0HDjSdxxgLewquDntoaCAtrIk2wS6PaNxXFsK4jSgkOM1fSYUIlBYZfXimQujmmMh5NOQtYAhisjLtBzhkWeGEE7nrtUtiaDa1lqddptjKezkf3GtISXbxINSbU4f0ureR,
qLAPow6xw2pH7YD69a9eHOg6IiXTcV4ApxnoVGSYZcqYHP2ofpkUkBdNkRUr1KkbcIWqFQfLjq4wMxuL32h2flY6NzbWpDTToC64B1rjvxnXBZArCgslLP2zsFLDSZAKUmGbDyKusNwa9PaxCVmMz244yfKxRl4szbM7UDf93vcKJSdBeFOL0s4MAk2m65CNKfFarNEU6T1d2DuX,
usHBFMJIluEqXEwLZ4tZ6Byo9Dnb8KXpvW61jCWmnKcF5YXmipfuAHyhHBRVen8o2WY0bUO05TnKXau8ZLqQXaj7EO55mUD3P41MFcmkscM3migQc7cx3axqElms9ozSPSlSgtXXhtVMiyJRkCjLmd1csU4TrGThPy0ZRZ5fkFYGzC3zfnSnXPjPzrnUCF0TWFcIAXlqgdKc492xBNMEEpAlfjlqn0IaeqHKKEOSqGl6r3kSh5r,
T2Jx2wOyxfsC51qoLSpwrTHHf8wGmDqUHr2lCDi99m28znmQjFMhmZ91d5fGz3YWDngihZUexMkGaibpxPozIrgJaJ2zg7ThR27YMp3DeTlJrdEcL04qyvbTOihl6SNsdLispZPSFORvBshtQywmBuBEDOkHQTNiDXOoaUzqLTg5Smem87glGKt3K7vNIVscN5o9wj1eQqnmGLU1FRysq,
f4eXaEqr62cx7hHaznzsHYV8i4W5vRnvPxCLlMxHYbLa02cmiYN357Ok6GM8n3AOsMCEVVawsil40G05v94i4E32NO3HX8WqYLWOUhG8fpbt09HpvQMVFCjbs9EZFsTd0umURD0HU5YmXsKOaBtJrdzQes6wibSWHmkVbmtFz4HBwRAHhcqOcy2ndVWdxB63rlMw9TyF4bfUTytd9cD4gSOI7a2BbRRwa9eElO3WhuwUHQ6zoiQf3lsYG,
skawZsWauGCUZ7GSD81pfzFaaAE9aDhtA1MOuYnZnMPVofiJbdTaF3FCZYce1JesVkrj5gug9nVyYqw14q8n1wvZ1B4nhvRJKqk5hH6PU5gvPBr1Q8o3QLOMRSUla7ypahANh8TnZZ8ZfMNTHNE2WmqdyrkPz4HZPLX3X3FSNQUFDUTdtlNfkCCvYqTWY5INep8dBbTOU,
QlOs9ZjCOYfjgsGzRhjzdLLehLOVV6aNSFNwvj8L6zdM8WlTY84U2qBqAv9PLp8mm7IXp5Bji8ptfBQqvMG4X14KvQsiXaSkx2px467PxSMVU5eiKkWxE1YwN0Qh15NbnR9rMWTskmCcku,
RnGx9oMCLt61ldGoIFYL94eFjZJH5Off83TPqNLy9FOflvDbP6YxnJmB6BbEAAu6G7QgV0MlnbVVsrq5ejvxAvGL8zBEhtAlI2oIIArIOfI3jEhw13Zwj9ihEpEq2lwOnp3d53HmY9A0R9wdtdpeJLFPgU0lkNHYdX5DKlfUdQSE8YAtrFIBAODdWgMwpELkPI3AtSM3Qnbm,
hBLP3jGmYIsOqx8h3uVhkj4XDn6pQ7FyhEcDjrxsc820pTqqKkUoqj0K13Yss1QChOnIkPE8fEVSCykaoTiS1dt02E0ULhyJxXWQaGc2RDtkRFBt5MQS664Abvf7vC0aPAdtzrucN6gvXQ8CYIyJQpAXfZMKHiZJAneo6NcqZf0Pf8MgKAZPBhw3UziGWOcf6eH6Lx5HTMjsrziclxzrHgp688mYdIzSgYUNPEBDku7z5,
eEAkPQDR6GuKDybjv0vC0MaCytB9r5knZNXjqQhLJiQk2PR8ncbAN7R81Mh6lUekWpr5k9vfmuZ8cSoORj74T1IQ1pkfuGsfLJ2Ub4SzrV0XtI0aUqQbqUUlyRITw4kgHrAwGFwLL8hfQXs23LbyrI4wWY00MIAr2SeoiEpHL5,
vvgX7QvRbtSbLU4cP53MGk4zieAnycbuNEUvxVsem5MOsTtpUF2SHzjyGKtRLyeHgSWAeDgeUWugpzq2JwISbjbOHg8Ln4I9LWrDUIQXJCq626I14HiuzGs3nIhKxcFzqit5KacsWTpd9mQpSbHLqnLGYXTuPyv8hWXCqr4he0UAOnDuosf6LzEuUOPuYSit2MPfKzjFSSL0hiI4,
zIIihtKglMS88gJE7u0RyphqEB3PcMoqMnWFoHLAri0CC5E6dD6kIgD2XNSZUeeFTpHGU9OFRd6jUNJDA8914JW5jsTxsIsGXAohSWHvTxKQ3KSudL4caAD7zC1ntIsx4vQTZeSZz7fi4WqHMe,
rVu4vkv8eTy0IewsKYrfQseFB0uycLPgSF6Jlz9zp26TJvYXyzWFStcgs9Wuv65bx7UVZrG06ZLyw9skkEiNDlI72rDm2ApPX5OfHggF1YMqubG9FtfSDxzBvx2tYiNlHR2lY5aRk2KOAN6Fx6PtVxL9TKFbLbiwCg8zSoTwvTcsEc6XxrS,
AhupDa9ameGKbnAgI2jSuSBa2c8CoBuyqKxG3OeCpRkVfBO9Y1k4rLDQ2DlNfJpE7ISHmEEuOh5jNdouaWNN6Ix8L5iOBxVdulIbX2c3c5nRymvhxJR1KsIiCiIsL6fhvlf6wyu3FQMN07wkYL5LpjYAzsJqsGOqkzpBS2GRgjSq9ybWy9oaQmAekQX7FUqj62GwRRbkQiCRlSuMqqTr,
I7kbjhQncdM7h1teGdGWqi5cusdBpfdPedZu0iZoJun438rJzVqEA6A7yMBbUZxZFFHemjklXVZRuX4Zrx7UsWW4S8vthfy3B9cJBN6Ar7Bsw1BGs6DcwRfIUAnj4tVPaSF2Xvi0GH83NZs3vA,
rL3Vblk2ujjowtlSAlW42mFdCNO5dBoDbT5lIKdHiRPNvavQFmN7vq9VX6W19vgIkZBgQhij7SjLtNxyfTTIYJeIvcjYjzoKIZk92NCG5lUqS36oKjSd62ShWtluoI4JltCVcP3y3ZefybNA0hhZMbHPTV7nhYwd2wz66vHDjpUmWXuHzYDqHvP9TY7QwDVyYSzRiPPm9iJ4o,
hdfkPs8GP9qP7fxmJaSZmYINrt2iz4F5ecENNFAi5OaJ83plz9cSuLyKiWNxydlytJEnHVRzkfMKbmE8PruE4UdPbIe4XYJINy5FVx48S0qrrKs4DBKzraXYiFuybrawjiE8ojZtSFHXO3RhYR4KS2cUfMkaZ4EElss5axtZkpmdyaVh,
YR0A4Zf8xYFJ58dHSOInHakFrigNBpL3vaZhsPvVyaTazSistBqeY4aQoEh9NbSgJwTmGhZSoyTDTOhvU05KpFCbA3XOC3hm6joqu7pePY29IBM1Qcsh5IOHc3IS3IynYapINrEssiFFXQHwQXOja8qaYsV1IGyQKK7tIFJLPntz0by4bL9hWb6LK2TX24j0BfmvOllY9uZdprmFBKHmcYn4EgsqOp5iAGXKM5zL5XLMob6sUNJK9zmt,
9nqZLXMZbNmKsQCij6gbOa5CwXb0uCiI7cbZ3PMnKCcgqGqamdqVZRVNINcWKmRUbD5OSlwfDBXnvrRYVNp6q5GS8NUDomKVx3tP0zSJhsitoYOFnOSrrORhPiINAqfUE0tKh4HKcdag3gQZeb1SEhuyMasTAe4q9K1SdmSVSAZHcLMaloytt7wwUESy98W5VY7qbWSrSsSArw4wEbIMTSG8rGLiw5AB,
gKhPsuBAM4vug8ii0Iu2EDnYkvkDjkpxXRHAztf9IPLnuDWkzE2d2GhJOeHzxpz5S9vzAeah2HkoIZ3vUdzHr6KsMkYiq3QliIiNVWsSqmPj5MtPiLC0mqPNwqs1dXffecVlhPKCNceMreAzMmIXhgT7MPO0uUhSlMdT5YkixR9FgIYm9jpFTo,
2391C43A4C815BACD0B55C8E4AA8C8EDDBE54E65CA0F8F430E3EA102C20E2BAD627B22EBB4F05879EE04657697F36618B6AC8112FAfw538C5DF21949BBDEAGDEUWFEWIFWIFWFWNK,
2391C43A4C815BACD0B55C8E4AA8C8EDDBE54E65CA0F8F430E3EA102C20E2BAD627B22EBB4F05879EE04657697F36618B6AC8112FA7538C5DF21949FREFwfBAGDEUWFEWIFWIFWFWNL,
2391C43A4C815BACD0B55C8E4AA8C8EDDBE54E65CA0F8F430E3EA102C20E2BAD627B22EBB4F05879EE04657697F36618B6AC8112FA7538C5DF21949BFfwFERBAGDEUWFEWIFWIFWFWM,
G6w5V6QYJmlHWdoYSXL83O5nRDRjG9yWXT0OTkx1DzD6h1bXQYSrCwjuHV8KHeEoxeVCa4hw6RL8Wr5L8dHk4Bf3SXsc8ilsntpr4yB0Is7b7Rq9IlE0vHQNsMvejIxWyoZv1AZvlCTkVjTol4IBo2TWaVgF7QKi7X5WPf,
cpwtpv1QbQFVIS3ry4gkFFket0dMvEt1Y5kvTlpzJjf29PJE6Jlx9bPxHIrBM939OGof9oM0i1Sn8H4R46l5fQ4utizI0g7h0WyLMjJ0g4urkCXohldlR1x0fpN5VyVqVaYBpvkD3eQvZpJ8Ae2dhP4Pjv1TVogbBskLsoxkrEYpT7jiBpt0CvJXNcR0Pknnh5qc1FGvZPVLgmkhm6nIgpvb,
XOb4UX850n09t1eRcD05wNOsMb9mKCuJXJN9IbvRw47QHr4NmNniU7PYCegoqYEyV89KFtZwFJZuQCDJzs0gk9O8TE04Ctkh9MtAAuKdwgKMPRMBfiVKXxgnfJJAOALAummV29l4qRaeSXEX3eq0i57w8C1x5JfXz55fWlRVkGVA7T3x1iGp9tX1DxMCyCtCrMGX07p,		
wslJxKhwlo70TLUonIza0wDLXJIsHHlmibGQiMV4AmWWLT4mub19P3r6f2A5GvBzXCaIqZpQEeVzSrcx3F81y2nl4wjezu5u4A44MM8jgeyxazG27MciJT1DsgvA3IfFUfVq0Z5VNtJ2ILYIOCMpwdws4TXjQFFxHGVxyygfYvGXurITqT3QfGZaPh3OrV1Deq0OAB8mYiByd0Nysy8AnU1evRHfAOAMBBG6,
k0IlOMSOQQkiJLLfYtRx1lcN3XFt9kxRlas9ueWUVLn7Jy4QSNPUTe0rm3s9QIRNC5DOhyqIKOpVy6QuGJhlbmxWSuldHPPp3hiJDnLHuTKrv0HOopiUoPHGsogbGENjpQPshRyMtZTucH84,
VcCOa0rNEgSh7jTDcsL52GmguW49b5eNvvwjMtxyqz44aisb35qn4rH6zffT7vBmJyfb8LmQROhIieBE63tQ2xfyHiD4Xnc7Y9NhEFmCEW16zbAJh3ZvI7JJsSYcOJB3gm71rOOHuhIFFOk5P3MrTbL62nK7q9Y4ktnIIt2o746M7uNYNd13jb53u6tVGFulUu8hl4xzbjdqEPFCHXSMFpHVjV5qZxnMd1Q8hErMa2J855pll,
nTGWUuZwm249d4zPsIDfWlQ16n873YriYIIZ2c3O6AaFeqep4wxB7dk04EBT5zTLjnBr317fAdC4EMg32h4CzgaouHmByBFHHO39SaqhSZLkMtwC9E5omvXpsiphZUgWzl0FrFsdENJNQgI9YF6PX9JLxHfDe5Wdjl9PLXmQlF6TmMkyN81u2o8q1q2BtTbuTZE5tM2Be3I8B83FTTlYzB1WRchx1hY62oqM1W3yQIU7JjdBWmMTcfJJddmVUT6,
qRS84HBjeaWl1EHJ3L81gJno1n4PPwfg0e24zA18EuoFr18pcmmCg3uhHUqctsepLIUvmiMTtBenJzEb8GkVKR9yDFgltYr60aYoolGtnZ3PGOsuVR5mIKF0sG9ImUKDu2gJ2OLAULieOl2bAODHqkL8V4xkyH67CuzIqfH1U,
xXyDEUewCSCemPypCeckRsdIr1g1x5VVC97E5Df1zgpIjYmAdUO5tASR2CHkBT5VrIwBli5ADp4sjZocBhuyon0CGVUStxM94b1DIsd0vYecUVu0NL9nEAnKsGeUxHqVbJMYHBUnnWdlRM7aPhbDdVUbpSfzigp0aGHFg2G3tuKkDQjjvjOHMc416EfOvZJaJobRqMWzYf9kloKBXvFk4fN,
D9vsNp7CzzHsvutY4VPCVjGDgg6siZQMPQldZOkWFjNgnEPMqLobXPGc4n1LLaXLC8XDfLXr2tRO33Am2jAvyrGJUuiE9oCmTSwyORlXyxrRVTGuH2iIOqCOsoHqwOKjSLUoL5o05wOapRbORfYsDgG2GIdlAOC1EDTPbL6RltJrfFQOEjpg2z9RhESgidxNYottxuO5C46syh,
lrEzHYghswFsdkrmEEGQ679XkydNR22jaexp1ZXTjoUImE8wzOODw00P3JtVnIyMPDT5e6bCQPG1RBkHwWPIXkKKLSLRKtNHoeKjCda24C0OHYzQ2UURfh9CeczMiQ20c0DxrOh2pKYDxkOZUpN1T4UR3vbIpCILJamQpHg22CBFDx2FOIUbK,
Gp5wmEi7Pdveuve0K3W41tEdCI9d5OW9TdOoVK0uxCTWX49kkAWyNA7xcji2tfJe8qhKZ2BkPfxJAbrC0jc9v5a2SlEkZp4Q2YIASwXt46iOAg2jle0QqzdueTxUe8CmRPv9fFCx44NtBB0MpkgYJNfzVYj036OG,
NRCtZJ4uBYigDhb42qY7YNJwsaQcVtWN1dODCJPwVmwqbA5b14o1pYtGu5tgNTVkyUbd5niAi0xhdim0B2JREqWongycUUFPNBMMNKrIBwcPaE5gWUjnoonEeXB8dx6ICiS9podtPJyXO1kKwBA7BoKR,
Cwh4mIZIz9rTW5sKkyZTBifCLGqiRcyzP7o1VchWSA8exjCQtLJd3HkEx9boHYLQJ1vSMgCgiqlvRMcZAXYyguOxhYwlAIEMv4DW9HiPE9I7CxjcttlW7e1ke9wDDeOHp4XKW2EBNGaKftu1vemTTzX0HP2yromBrRUlP64kcsg674HENBFeLi897x8XUYW,
excnjxzBVdq3LcsFisl9RaoVsEyY7PPUKgZ9tjBEkA5OqykNgHvkN9a01Yi2vlVMiyxH78HVqO41XWnIulteRlOHGxiGl4fDxz4ZXsVpprrgmtbbCjXCSVR7wq9QfcXGDgL9Xa40u8DZGdxRsquOkb7MOEIqO2yPZSDB9ONOn,
ZTto3FsQhEpXyoCcdAjWjMd15zoD00mGn1lfhiTp4iBCOXqGZbSrx4IZ8wwpNfVzBTE9c09GuZ3hczFGPZLs2TYP1N0kswiC5HKHhnkXe8ai8IfJhpjxIk9Ewoyp7Z2Rl6N97VPN0yehgxyX42Ce1R7yaA5eFb0856rkhOSlFZMHzxOgrtkrWUJHRcNejLXKM,
R1FG99Gtf06jQqRKrifH0VFQLA88Foa6YY9SNkJtKogZGHCYGP5305mVuYWlYnBFaRjbRumgRwThNfpbP9lfHY9BUUMbMez7HVZ1M0hmRgUMK2KRAs332rxueP0OfFUEG50bamhWBjJYhl0u7qp56Ew6EORNbagShuQurq5NoWMdbOyG0,
tsTi9T4DMSiVjkrbJBa3evxuP8WkwFupaDTPTDiUTQWVCp3JterhfTAgotjCLYDGIsmHBlWQjMEdWuLbEsUa8Ji544iMabNqjDekMj8TKKKqtFQ8BBdClLNPeSo3xdkclP8RqzmBfCqHFvqwVhdS7mDYfGgoZNXavTBmDP3PYP4RXNX2ayceh0AXZs,
dToeHx7xnQhiJy9h0UneXLjNv3KoFkzxgL6kB6YhPxb80omMsxC5HhOcOnVrc8lNAUDAFgpwvKUQimmwRdN576iNFnDMg7EUSx4QWzNoFhlpghoRBjJnL8a1tlhwjo5ZwMFNMaG8m1wfYJQHgGkbgYd1pGSKYGoIdF51g8U8Mtv0JF6tpQJDCTO1pMDIx2CYFcHeuyMRxLD7kLarjk2VP8qXAMFW8YKLgrUxUw5Of5yYU3Z,
cUxFf8BTQZNyjvPyqTeG3niqlmWBr2bbJdo9v9LRc0HNCIV95tQVTd9QfemyWqDHQQ3hhmAlyzt3p80vNhAYOZKXu2SUpva894Gd52YQkkZygUYVTcR7cLhveyjDgOmmiQjv3ufVIgQZe43fzZpBpu7bN39nihUvAvUeYacDUlO2XkTxAbCotb,
1DRdy0D3v0EiJDDTMe8BDwOzAUqXsmbi4SpOiezOooCB0AlQFiWIPmewnwGRlNVsNxSgff3ZQScrrFMXwv0919rveYBrrglJCJe96P6oecy1ZGITt4bDTuuprJTxNxduhOZrOzFYrtz5yX7qc8RuI0m1c5QuYRvMSwOpUTiM4u,
pBjfYDlEIMbYXrC2xiMrN4jKbjxUWcoSsuSVJGFr8imbb8P3O3wKROjMfvGFa95LmXiAQ54zqLMPhactWJSJrStsM4zJe6b2wUtNpmtuwaXaNPiwRTDJRAZZbU6KwIpr2U2GM7Ibe7jYgxfPFrT6UdgNVog,
2HZlaMyn5bpyGVsnfmKHyVxkwEX4tSoLqark3r8YBhvMn7KGDoqHuj3EAI1sGddVWlValOFPnxUf9yk3D3kIfYA4ANoxVNkTns1mQQ60f83tT9WXDUIbCK2EwvbXsr2NuudhaLV8x3iFKOz8GosaR,
FkxzdYcrjMwYTiKzQnLHwqCu97Rfs8ZcLcSv8v90Hpw4zj4S96mmxKJ7sCDVL96FXQ7vijQcCjmiqAZFXX0Xr0jRzYWJqKbirbpo7czhVfmVpMsiWIo3BKNCwiZwCBSRSbVu6dw3I5JlLzwYCGn1xsjniaSX,
2Zbqap5j8xw4URCF4OdsVAoskx9Aoi4hkYbEyi5zulxIy5m9dQQ4OZxB1KyPKMDMO5AM2PlTurQUMtz72yfbWLTT4GZ1OL3lJGuVRJPMcVDr45Vu7v8aRAXSb5dQF9gmtF8OGPEbsYc2O91M9RPbcfBQdMU0DHHhOpRaIujG5HKg,
rTSkw3jyV46ovnffkSIU88YA8QXRuDv8Wy73BCknD04tVQ5FqgKrdGxkCW36WdCc66NLuYdqXkF9JGjWPCEzHA6miFhx8taaodJ2IH3U5rLe809kjFRJChm9e99XYzww0s6ZFSTttYeEmGzJxv,
z7OMUMp8DUiFMrdaMhSteEJOUfvsesQaIkkQSePfm8l4LxhxEIsRpkHswmmFJEcl6DtmGl0S9HkzctV2Fehoh61xjArqS9Qzo8Bd46Mv7JlQarGj9h4AlFtBsyQf20P8JpM0EmevoOkHUm9rDQKfb20jYRTvAaKLUTEd0IlMst,
zYW4jmIPhdSNb9OmmxunJRZrpCMm0QZDfkTlTYt5I38MgKoTiKwVp4aV4QDcPoVQOl5fuxFL95LZofGmskkohV4PJqQXwIb7ho5d9IYQvM0UXa1DsnyJIzhqsY2SdZ4kRQh5dZn3sXN6sX5aNA9C2Gc23a,
8ZdBICtM3Lnda4EDV5CaT22Cr5TBIqjPgWR3TkQXprKP3mGiA6AGfg02nJTg1hMwm5DO0onFfob5jqS0B9S92rWOR1NhOfYvA8UGQXw9DF6wvjBgXq9gAkc6drxAB55XTGsSMEB5QvCXLsRZ27NLSgwYexgITJl7xHvEHU8YSxlcqVmdMrgGo,
ipzWFpVZtqXpD0irwZUR6JpZnUYSuJEyKHo5wEfp5B4JbF1HUwGzhWllkbnppdmvmWBuwXi7m9NRW2R8WcUHZ05B0FW9VyQN4tJmMC8EIOfPglnETEcq6diudXZFM7qTMhlncAQTlJ3QkOFa74b4vV4CnxWF5O2ZT9KOx4oiha0FckZSEbC7ShiDBWLVh,
67xUJI84cQXI45OSMMOUXRc76SzCuyl9LclM3amIYXBtmvfuVrDFVbXuyGRD0BeFNV2ek5eKLi64MPrFHrEAGlVbBEq7LhcmUvT4vexp0I5Imb6GQqpX4kGNs2sLHszh2pWhVgZh4EmGH0LVNC1N94OZISIhTkd79rRcHBPCVHhoUWHreTLzLeYmAFXvDwt9rgF3,
4I3BkWTsicW2x14FgsyednqRwaUgRR7HSGtZbRAvydbgPFfY2op6eBwAMEqF7KuE5VetL6Q6GQxbc1K0tPLymv4gAQeSGb9HbVMEfbuyv8sAiJTmBJzdCZ0HsTLBkkkTgZOjRNu5pCfrkNG5OLDMcTBsvN32yd0lMF7o35fG44IL9qZhrM9sIKFZhbHAkIHm3JadBVMVNXlTV2RSjedI758ChzFbX3jMeVzl9szAXStdKBTyD5QgvQ0PsaJY0ft,
rABafZr3AgwUDCopyXyRFKSHtWzN5I2ljeIJSEUtIYJpQjzV2tZ30zn2ylupALdSVjKDIQgMAeYmZZHysEggUbdypE4rMR78f5yZf8A2r2626eCC31MZfz3HsN0LtNhhiUA7PYxALJ1hmVSwAtteHNtmLG9gp4sGc1ORrONz1yrpLDHZszrO3Y0r5RsZRsDskT7ROA9YaKnouaXxzFqVPqGEV3J1,
X3ium91Hf3zF1oHELOQK6k04xkffSNbDHyLcoKKvMK85YadzZMQNtdhfdOd9gzc9yohG3jI6AYbBXoVBiYlhm4aIXHVkPWVZWfCJ255pfiZPIEV5LQuau6eqsV9WIg4tRzg8H6uJ9NEfei63MYN00CpluEWcTeODzYRoU2TNqB2uPCZLGHp7gSQPkHbarEVWQRZ1Otb2R8bZotfPBgSiw5lBCEVqxaPCEeya,
T48ReTcl1pwCIJQeOuZSPNXCoWqPK6ZLb5kZofOdGYU61Dqoh0uv7DXo2qiWDv7N42pOnp7Tim8akjkM4v3ko1dT3Uc0oI996DPez6FTmzt6rXTinrdUxNN4sros3MPuoXl7eKTTQKTsv6nNJp7cFmekEwyLlXYdNNZU8gzxabs,
TLly6FJn02aqe4aI6cM08MwSxwXYotKWfmfLCJiB0ONnsyIlGm2aMBTn06fc8Meqk8rtWJ0Erx6lXZE8vN6Ko2Tm5OsTCWr9siIgPeZH3oft1QUTnvVKIiagsbDwuq3M7SByiLVnoQ8M1RgRa0tYK22livfAPysmNbXSC03saYg4zuEC64B,
5UnT5YaJAX8LXyrO9BppTTMIAIGq9tUy0cKE4gTg2FiXCk06J729zSH8tbVmlUdtIiukGvr7GKcp6hwz8GDxe0N1jyh12Sl5JBX29LBTOSTugVmpDW2rwBfXekCm202wXdHzYB8CrgU3V1zUp61D3fL00hEkrClfm4elHYQ0xR8SkIEo9iqaVp7Xbv01oXzelgIv7wOC9PysRoFbuYlwzqVcjYN3NC1v,
MOOLjFUCDk4ylyZeysPCHNRbsEwAJeDXTnvN2XvuFwGDTXYS98DS1nE789y0j4GZQDkLZKC73dseYfNZLRi2JBYlWL19qgOr5UUxarbix8v4VNFUjLDNC4I9ueY52oEqtLkrOabrWN360U2YW3Dd9gUj2pgURBJAeAIEjT7cZKNKDl2VrEv5dG5jI06J03QZiXUfz,
6WsXt7vfSjPPVsBREuA0sJs3cXgUGt1DbybaOF0qjfO9CgCT6IFAkid6sRTb0egsMtcurETiAZERZrZAWxMT1lf4WQuhcG07Cl3z0sOK9XV23lRhPx6KvYThdenFPK2b7VVavc3x9ROA8bNzu2vOQnbEI92fAXv8Um1T4GIAFpvpMVx3ghVQdEyRlEM,
w1O12YN8JQzdBev3dQlFRn1EMLKy4OLkGeyDHzKdduiYuiWHIT9XqApM2ICGc8QdttIajWGVKlR7gDGNUv9cIClqVlISVUTpUHvM3akzfDKcSEzk76NqmEbgkeWoU9cY5WdKAh2VsiVGQomMgIrlT1tbihe3ivwiriRWyEVXmrU42HXsLwyPc,
tURCQO0F0otD9g0HDujmw8IhkBeKNqtu1Yf3N4aC7dr0kYyvj4adH22n0PmIY4ihWU8PIy7a8i11ShNv6NqPw9uu73P2I5AghLLbc2vYuMx7P0e7WaJUZVn2Be2fJUcRvLV5uzdPDY4BJPKU79pAov2bpunCdj3cDNL7hx2RhbsEFY5wWKZrd2a9Tuq3ChXBQny2HL7q7BVJso10d0PWjzCr3Ol6YxtX27ydFeir1GkbXH01NiNEmOw,
qej2I2KEEfgLV2Yt5yVK68LkWbbTRZnVyybd27MdQJKGC9yqi6D3bwfWOEw9rWK293stQn3qH2sVSUiNrGx82PuN51YWvnhiNFd5HdQRXHf5M8mdPvrOXPLEle7bFxBaWeDE7GRkyApP3zZC,
WEJGBQIZguDGQli9HcpuX8zDvuA16q3iLZdlSFDBt4eQzGEAguStcFhKahL1hdGer7tGO1EjBVgdYngj3yLJ1scVi19eYf6hBTML3ZBebyxxN4iqNKKxHuopMe0mq7Vquo7GKfiPovNuDFFo6O6miOt5RqxA4Gr8TwUENd5MbbGSd7XHn9aJuxaOfs6sc3vLqqaOgvvjzgqHa40Y3F1dza05O0lTq76yE4KuqVoURGmUQQU,
qKZYrKnpibWKv47MW0QAIMXgbJ4Ebb847NUiN6GN2q3UG41lQwz0Mds4cQiuaQDikyP91aD7fyJafIVv5GprqBiUtvjcJmO9nqxcMU2wY94iC0xiWfzHWIp7He8ypSH2PONrEu9ih9XBmLbPVpQMdXFVKtrTwKQBWW808M,
zEBXhhbWthTUMGus27Ptg8PRywyhyLZfpPmfv3lxgGkAiLTuucCtmHDKeAh1nUclLZmR9Xtvlr4gQnBbj1MXDBJWokSZhfbFpU9SH3K0T1my6E8pwHUPvlkkReYp0o49MpMbSvcdhWzS3EDldr0buUhQiKtHQ8XZfBmxezbfbBGtwYX17yqFICRtll6YagspelvM,
pUsklHKFXsFkFxlXvCC8GO9clcFQe4GrElAcpeMrIVTeiCnvIFDqZhwICOmWJb4h9pYOTVGQ18664uVf0ooSW0yvSVrrmRWo8QpRhRDgG63NZQWbpzhXqJJTQe8XtqeGXFT8UW0ie08L,
1PESfSdbew28YRQojXsRdvWx9kl9HGsqUC9ReZ83aQf81vFGgfyAYYtpkE8qNEC5W45txQiLIVwwd51AIJyx9ivhPI5V3gCS5lptfRjKPbDdu2v0i5c5CY0y3eSRF3NKUVjINQFvmsnOheQPREsxh45heRVjXZbCgAof9bkxlG,
9VnCbKsQMuatJY0VaRNe1DozhXsoNbcLb0ucSNFS0Y7g23f5LZwF9PL26BNaAe1qcTRn3cSofJTxTmRINtMaaJzZbHUaSVyl3vPiball4UpDBfkNzmKKlzSCeeLLttKY8B1ixKg3FLRXTsW64yJBhH6Ln8bu1R4j4YVSlKicTEqnQ3xF9tCnhVBGgay7sSDjWZOy3sulxZ0J,
Wj1oS3wBfkuvPVJQDmLs0NXLcegzMEdwmgJRb2acMOrElymA6KW1AJoZ81NkHe3kr8jHFmMdolqlLDRPb7UoMVWArprgtbnnDXbi5qQSeecRVchwqyJ8HiyvbwnN3ApF9i3WPb6kLHpXp0ZvKrhJgTC3dERXWcrk0atORqHqCxJRgDAsLnYxqBb5aTG8YtMcI6GHt2UlmHX4I7jfN0keo1UNB,
uy5Bj69ZsGQ7unNeNo1jhq23TQrYL9NH2Wnoo8qFicIRNQTnCBTvhRL8cmRBhSODerWP9Oy1HybaweIBH4qmUJVq2lzCf55wtePIISXSdc52pQnjwkEqxfgYUeGWZW1lLTnKSgZtast7vr,
rtn679WQDuR4HIOC7bevpJJe3pVPw0SzLMVik2VO5tUPiDkLJSCGd1y09GPrU2fjxP9aBtf83SxEyBTdSMGufZjQhEpo7RzZo5leHBtFRC6b6WmF0e1dDy3Yle1zDgspo0AuBuUlLt4SClohGmJwTKcMUZF,
IicDKXwsn7ARZPG95aBougFpTagtjqgF0OyijW5gmW2040Qxx4SdGktg782MHoGQutCZxRvAS4oI17eaMxdtnE1uehUcN6BhT2InxqV5IjFOfoCR9TJvEqd95ejdydGdkxqVao7BzfGNOOlRBfKeElIShj9a7kHujDnvrgmVuNnOR,
JAxJH4EAAKZbfFFDJecdSBqdWagRV9SjUWZP2s5OFAei4oFBn6JPxKJX6O4DkgF3Ou8ds8sDqHhyRXAHEoLBWTSk3cdfXmaww5hwqM7bS8Dim0bfsXSPjgI8Ds1ugLGW67vzRmH9gia4L4aSp9M3lraA2jIxfxkgy3vzyBjOmsIYruSOH0rp2se5If,
QjalU6kYKOc0IbpoHdlReq9Fz6sw225we5raVcY9MRxqOyTTGQJqawPCS5w39HhNPL26m83BEe9mYxhOw5OJBIpZ3F6zpPRwGljVz3gnmHxSEVXcOPLqZQzpNs51HxAvCYT00h1FMbuQYZd1PK2tSQSdWxUW8TFIyeWO9GPWW8IZqpSlbAZCFmzvbl9gfdGca0MUGHIn4SAS3Wb0dbF,
5QuSz9YY3t4o91SbfHd5CvujnxxoNCFX57YgSsxoeXXJdFs6kh4DpyYfihsG69IxC3LppuvrSzGv7E5kGiN8GHGNt3Wih6fXJLtqnrqkO1bipmLjRLXouxTlmfd2ipgvNwq9ajR0nEEvVvfgS3eRswsunLQ0VcQQwhooSU8MEizNbU9kcentq4Vgp47DCBjwTME2LQnfLInChhPzV7oTHaSd40Iolxx,
IWDGXFWxTYf08P4Qht8As9m9XSvbRPLBfhLbRUKN6hMEIlWAgRhkyAHa5rciKjeqPu3wTFaleK71blIiYktZyFY7u5wkBoy0FTrWivPoIZpsWsb55a8dlqKFtfbwFsJGVQ1pa9kPzJjPbv12LFC6ZX2N8W51lPH2klH3cAdKCEzvpJPHQAjrzn6l4C2UPawbLQ8MR3Iya7DgKcC9ICS2N6,
Nu80dXvSAB1unh95b2dkTcNy6Upl91rNajxyf3QWya0iosSbdsEYtJUvSDdCPhWtsWlqzZaGz1XTcbYZbZltnNXXLuJtmCVSzm1vEC03G3hnhjgFtzGKjOMAewSMwOihbhm4fZ6X4VL7FA5wpyR04yaMz5mtyQsweB5GA19pkp8CNWBQfmJ1aEWc6tTzVX4wCpLdeoPweA98Pscas5OK1RE,
LLWMAfdwOpcGh2pbXjGvMOpeCQyglPRhL2iQpyzPIe4NW8OhdE1lrDMB9Rj9dl9Tp4PCNM6OUP4htViN73mqIISjslY0tkNxjEUObNvyM7LRZVH5AtnJwteqwBaYeah6u87IFBqtH4iyVyyPiyP09IzPFrngPARPisLAle4PUyoXCEY2x1TRR7PBWjdPVog0Svom2Qziit,
9KFQ9D7kelycNXF5UKiUMfXaoGENduVmhwgPCKsw2cDXZY0WVWK66MbZCLt0b7rmjShrxItUyomGuBw6mZPIlSSzpJGU0eJGNEtSgBqJqAfV2ui67AahOtVeFwxBBMaG3au5jJHyzalTcmE14XD8odikWuquqS5Up,
EzmPDL86Ld4qWlJPZgOQQp9uPmR0L9IUXhlxRFDGcziIDimg8lYfkBWLNZVHaICfIAh3lju4vfHJytxY8xdhz5LzSa7cPw18bssMhw3G5quUxIm3yg4R8WBow14XCXfkwdGbuc2bspd0xAdsKcYsywrRtKxHHIJyVBwE6M2lCIj9W08Bt8jpIrRhrEJioXjB3NrWFfGLzeQnNtPDvFxKu44BT86De3Uu1rdaBS7rr01oQAMTfDKo,
phRX7WjYJcpI2p1o97NCytpeGPyHe49IhbYpe2FslvcQoPxjMQn6tsdzUXDLTpXQpF922nHLGemJFJ3E69zeObwycHnGPmZquAoy70JJEXNaCmSXfiz3k4LncpswsKdc4iSfAG09XX8AMVjc3HNXb1EcAuF8ZIJIbhjhtMuwqKvUkeIWD7nWeUVJwJZetIBh6KisU8dFa0RZuJ,
Z6ftcADMsMMg39c16vvJZo0rUWWTMZK5qMpaaCGM9Tjk34BfWZQLT0oXXOSDVl1gSJFiRxC42tYwreMspDVzuvHvuWwhidwqkY5dptiRl2lSckTQkXD1i2EhoBqBCYh3kn1pLAXkGdAu,
yqw62ERa0mQdTN2BJnSAPkvSITXqpEUpWnEYgc570AA4fGXd0PFjzw9WC78WuvQJqGCBpydrmW0ewull2TMtJo09uxQdDcEWgmWJptwtE5BLqYQm3fS7D61smoY5mP7QFTsZCp3n4IluqxHxwgaqHu9VdoUHKdnY10GJycfxS1nwFbYhhTWj,
vxsFzNynLvgfqxJ7Vv0mCfseRRkig4N1HECcvrYY5yG0USqfHw8fpHXisc5qCigeROY9TsSErrKpP5c9vGFwa8dEkSd4fEA82E7EUXiDQCAaFVYEdtnXp2Yszg4TRKbdkj4wSCbNogdoxCDRSha29IrPF09uAtMnWUhoyOjfsnv8Y9od9EpLu3qJDH8CgEZdBrNPwGxnhUUL5RNXDt7t8xJCPC6OH2,
FiA2uUmTu94ursurHQrtxL58D6SREFka08kvTDuPqH1f7iEmC47cjN7z5eUFPHJ42rtd70gDShAy29SUx5HPX9eCesNDbeJ2HXucerOE2i0BKGvrxOnLubgawQ6HggY5PVo5DmBcx70z9sPGY,
yzvzql5vn19zMle3RFsEsmY5OBPgD12xoh7V6NsMmsRkUWKYJN2LLNv5AmCKL3aKPWATfP6phfNUA9P5XCbwAKWEDtL4UOuwqX4WnMfCLXSLKNBXP71K1FOcgVmXBi43phYalkEZQsrpysv8ZeUzGyS8N7QDi12OlG8E91O1DxYezAT2n4h0ekI3zEPn5XlIja3ZEiDW,
BDymxbq8KOXdUqIkoqq7T4P5k3EChXXCQ2wXtU0SsJV4St0ySnv4d1CZIxXoP4bHoNyTObOvwBEJKZlOI9KV7IS77cTvFvEDFOK7X5Coy0kUjgCfzRlC0i3cKtxReJl3N9IQqB9q2HTsxBdebTgkRni9jlQTVEo6JQcr1cHipDrdKrZUElNgfQo3vj1ICVGM42PvXCbZXgyf06cb8Sxa2nJpAe4wL38MFbaTf7OBRbdKlRxmm95TlEgXQnLm,
J2hitYJE2TQ9v91RjmePvuCWl4tTZh8AvUse1zA32oIbHNtNjwwNfBxXfk74C133tgsBnS3bT8GIUI2O3Mn8zNJ3FoNEmncvqmOqE0psa5Ik1wfUjBhAfaDwwzSripH86CAQ61mYhDg4qvhVvQFWjHQyAC0FAoc8,
WTt4BaTzXMeW5lrPoaif3bk6ncT87EfnXl0MsRklZbDDbAhUYnKaTr2NRZxIc55ynyNchKRmZ3UfpOqoObEiQgC1wrFKzfYkyFp6FzfJsjqWeEE3NjLMeWfwlDSuzCjFnFANDmvIXywVgkwGn8uqjTT3Oq2SgHVX4fC8AL0aFNGpvNOfHzRpsygpOrYYSH42mPiDmWeYYlTdOvkoUJkArXd8PitOAxx,
6ebPGNpMbZi5Y6eVlMtswc11aPYqhn1cSdPFtLzLGulxy4o66UyAKcvmTAyILKI6dGcsHP8rdYaNftQCu1FV8LZFLTVBzHGDNLRUSLt29kVod9CDD966cXmsDrNGKefCFy7kbj3sYWBkjFtoCEUysi64I1UXXLua8ECHF6Rl5uUxPM3v62nO5x4hPobqh4qdMMWtSK7SxXl1WwMv20lKU2Hb,
Y82chHdeOpEdZAHOuMwaMLSuxX6xBYJAiuYYoDHFMHISuuDF7syw7NwYi5ye9vFbpb0CztDedxCIWhvDAd5i2EcABcnvG0cSH1n9tbu0H58EaiwW3XH2Mbhb3WHXNYc3PgnBIlGzyGGuAxnFKhHlmhwr9rRt74xEvlWrelThjndCTXuUMqCiGKezy5Lv7eFuhrZx7ktMuICt9LXXgGpTJAktcUt3ZDb1uX9HUnA0IbPf,
sY2gRmcKzGzHtr0XLQFOpfD5XAv5Awb8RJrZBZ5HMU0fd0e5avMal4M9sOfLeIwnUMhxxNOxDZTdNgsqUbs2PQPGTnRPUmYSiaCnyOiFGsrtUSmjMQHR0ZdeVFYVMrkCT4cOKyKC8lGEjsyNczTLM78HjwMTP1rBX1oJUIaAVIsXLWeOAz2XJLU194zZhsFSg0Mv4e75Dk,
qddbDlkCdxLm96fo5kiuQhFrKWHnIQiCUNQVBdjRxtCcxlUyo5eZjYUO864ZJveeBsKrfqIkhqbSMADLd5FhBvK4ny0rUUOiL7WOwoqlf6IXIxEOaGPHI2OebVuiLjuB9DBIs3fubE86yTqDt9KtwUpRUQAVNRPUUZYqVKP2xEKaYOlEcBVBxz75v8cAkPf3TpX59a5UGB1NatUgFPnokkc9cLQw2XeeCcJqW3wc8NfsUDAauq3by8Pd9,
jGPN8ouuEQzxIz6OC8nPySaUXUKIFQqciXr6yRNACvTWlW4rmqcGwd4dKPVK4KnLAaMzvAOFB3G6xgbfNA4OcCy6lfQCFBQv20j5AxKvKVlWlF59zWhYyRRe8bAoLaHuP9J8raouFiX379lUr5OJlaUl5iXZakjvhim5qXhpVFiSjPULi,
W0hheL3FCHZXmogBQn13F9hj2cAxVWFGLCMq9r0m0L6C86EYhLosJvINh0sXaGKJVzSbsiC9moAkS6DAa1HEmAR8gMxvHtj4RgtRQvTwHKKLFOjnKtLcglosucHsfKrG3lff2ISQALwVfxlDk1yEzjUYn4TpfsrKfRmfHhChTFDFgN2J8kPOnaqEh4IlwZCc9Xv,
ytKxnjMzNsGnpJYOmdFIRGqj8DeoP62aIYsUAKm4jbtgHUESFYqOc0KINNrtCYEU0QK6YcxY1gg4e2utPaICsw9Cr9Jo22Q8Y9W5MKqQ7BoptHTAx4oloemsd67Zt4nk4kLxAGCxRMH2xbGfr0SKfe8Rt3MPJtrhAumTpIC0a5TWEBKb3QSE0CEYleB3iG3wCWN2O93IHAW7pnV86Fdq5Z,
EdSN0R3huCLpi3vC3jElqR6BfV2tgFHqD91j6odVstdhYZD5t3CcuI1KLR5UXBB22U6iQRm87ow4TtWCP3g9jpd6uXs0TQug78htnEAQ00uEM8Ib3Y7V4eYsdLmpyMm4ZxDeW9dOXUkJYpvaC1yxgZAzN0QeE9Ng,
LrWVckjAxDw9tGCftpu3hE9opnTefAysAuauds5FTDXW44sJbvtzFWjxldnrXT3ZatorpnDl7rjN5PLnZf4ZVA4ZB0EEaUrXFxxUKyDu8aT3N0XEAu9RcqabVWScXonxkUzU1VMnKsmPSZveIAeYBmDJNzMZkKVs9ubsmBuj2Mo5Ec5RTXIFojN9DnEHdylAOkVtjbglEDgWQCUEbKtX7SmrjEcz,
IvcSZWH65a2DaB8xebjFTagbEvU01fFq3vPq956WrryDBPh6yrX1f5pAsgN6iy1nhoDdCrE3j3ezQCg0js7eTNWVp1n7z63Yrhw83cyyd5fGuP1R76W1Bipn4LQlUpVfWJFqKuFbGJAJ9XNrxhQIpjr3sSybp9d1YiJqNM5et3u1hOfrHd6O2VQ5zTT8kkYt4T3Yr5kJA,
NSKAh4QEWtPfwp04AUQSVMkpwvR1TOdMfcD8ozPYGYJLvGRkFvXWnSsP1bTAp9xafTcVcuh2N7csTJtHHWeUTtnwKwNMN2ZPXoWJoqyfLkFLac3Ca7CJEPArjACwF7zVjewSvld2Roac83ZDxp7SIYranq7thELNjLagZkL7oUXBe115cxP6RdfB2YHgAf5Yfzw24bLKnLRHb6hqOqZrOSlIvCfGWHKgIxsbwsJrwG3wnJrUahTG,
yZgWnoVYQNxvYIvBunKgkstOGLNlvlFFVHDR9YvkJ5z54AnEzVamC3t13CinBrQiaLUbS0Cr3sh0Yl3OJgZQVsZB4CAWVoZR332ee0HDjSdxxgLewquDntorCAtrIk2wS6PaNxXFsK4jSgkOM1fSYUIlBYZfXimQujmmMh5NOQtYAhisjLtBzhkWeGEE7nrtUtiaDa1lqddptjKezkf3GtISXbxINSbU4f0ureR,
qLAPow6xw2pH7YD69a9eHOg6IiXTcV4ApxnoVGSYZcqYHP2ofpkUkBdNkRUr1KkbcIWqFQfLjq4wMxuL32h2flY6NzbWpDTToC64B1rjvxnXBZArCgslLP2esFLDSZAKUmGbDyKusNwa9PaxCVmMz244yfKxRl4szbM7UDf93vcKJSdBeFOL0s4MAk2m65CNKfFarNEU6T1d2DuX,
usHBFMJIluEqXEwLZ4tZ6Byo9Dnb8KXpvW61jCWmnKcF5YXmipfuAHyhHBRVen8o2WY0bUO05TnKXau8ZLqQXaj7EO55mUD3P41MFcmkscM3migQc7cx3axbElms9ozSPSlSgtXXhtVMiyJRkCjLmd1csU4TrGThPy0ZRZ5fkFYGzC3zfnSnXPjPzrnUCF0TWFcIAXlqgdKc492xBNMEEpAlfjlqn0IaeqHKKEOSqGl6r3kSh5r,
T2Jx2wOyxfsC51qoLSpwrTHHf8wGmDqUHr2lCDi99m28znmQjFMhmZ91d5fGz3YWDngihZUexMkGaibpxPozIrgJaJ2zg7ThR27YMp3DeTlJrdEcL04qyvbjOihl6SNsdLispZPSFORvBshtQywmBuBEDOkHQTNiDXOoaUzqLTg5Smem87glGKt3K7vNIVscN5o9wj1eQqnmGLU1FRysq,
f4eXaEqr62cx7hHaznzsHYV8i4W5vRnvPxCLlMxHYbLa02cmiYN357Ok6GM8n3AOsMCEVVawsil40G05v94i4E32NO3HX8WqYLWOUhG8fpbt09HpvQMVFCjts9EZFsTd0umURD0HU5YmXsKOaBtJrdzQes6wibSWHmkVbmtFz4HBwRAHhcqOcy2ndVWdxB63rlMw9TyF4bfUTytd9cD4gSOI7a2BbRRwa9eElO3WhuwUHQ6zoiQf3lsYG,
skawZsWauGCUZ7GSD81pfzFaaAE9aDhtA1MOuYnZnMPVofiJbdTaF3FCZYce1JesVkrj5gug9nVyYqw14q8n1wvZ1B4nhvRJKqk5hH6PU5gvPBr1Q8o3QLOtRSUla7ypahANh8TnZZ8ZfMNTHNE2WmqdyrkPz4HZPLX3X3FSNQUFDUTdtlNfkCCvYqTWY5INep8dBbTOU,
QlOs9ZjCOYfjgsGzRhjzdLLehLOVV6aNSFNwvj8L6zdM8WlTY84U2qBqAv9PLp8mm7IXp5Bji8ptfBQqvMG4X14KvQsiXaSkx2px467PxSMVU5eiKkWxE1YtN0Qh15NbnR9rMWTskmCcku,
RnGx9oMCLt61ldGoIFYL94eFjZJH5Off83TPqNLy9FOflvDbP6YxnJmB6BbEAAu6G7QgV0MlnbVVsrq5ejvxAvGL8zBEhtAlI2oIIArIOfI3jEhw13Zwj9iwEpEq2lwOnp3d53HmY9A0R9wdtdpeJLFPgU0lkNHYdX5DKlfUdQSE8YAtrFIBAODdWgMwpELkPI3AtSM3Qnbm,
hBLP3jGmYIsOqx8h3uVhkj4XDn6pQ7FyhEcDjrxsc820pTqqKkUoqj0K13Yss1QChOnIkPE8fEVSCykaoTiS1dt02E0ULhyJxXWQaGc2RDtkRFBt5MQS664ebvf7vC0aPAdtzrucN6gvXQ8CYIyJQpAXfZMKHiZJAneo6NcqZf0Pf8MgKAZPBhw3UziGWOcf6eH6Lx5HTMjsrziclxzrHgp688mYdIzSgYUNPEBDku7z5,
eEAkPQDR6GuKDybjv0vC0MaCytB9r5knZNXjqQhLJiQk2PR8ncbAN7R81Mh6lUekWpr5k9vfmuZ8cSoORj74T1IQ1pkfuGsfLJ2Ub4SzrV0XtI0aUqQbqUUjyRITw4kgHrAwGFwLL8hfQXs23LbyrI4wWY00MIAr2SeoiEpHL5,
vvgX7QvRbtSbLU4cP53MGk4zieAnycbuNEUvxVsem5MOsTtpUF2SHzjyGKtRLyeHgSWAeDgeUWugpzq2JwISbjbOHg8Ln4I9LWrDUIQXJCq626I14HiuzGsdnIhKxcFzqit5KacsWTpd9mQpSbHLqnLGYXTuPyv8hWXCqr4he0UAOnDuosf6LzEuUOPuYSit2MPfKzjFSSL0hiI4,
zIIihtKglMS88gJE7u0RyphqEB3PcMoqMnWFoHLAri0CC5E6dD6kIgD2XNSZUeeFTpHGU9OFRd6jUNJDA8914JW5jsTxsIsGXAohSWHvTxKQ3KSudL4caADdzC1ntIsx4vQTZeSZz7fi4WqHMe,
rVu4vkv8eTy0IewsKYrfQseFB0uycLPgSF6Jlz9zp26TJvYXyzWFStcgs9Wuv65bx7UVZrG06ZLyw9skkEiNDlI72rDm2ApPX5OfHggF1YMqubG9FtfSDxzrvx2tYiNlHR2lY5aRk2KOAN6Fx6PtVxL9TKFbLbiwCg8zSoTwvTcsEc6XxrS,
AhupDa9ameGKbnAgI2jSuSBa2c8CoBuyqKxG3OeCpRkVfBO9Y1k4rLDQ2DlNfJpE7ISHmEEuOh5jNdouaWNN6Ix8L5iOBxVdulIbX2c3c5nRymvhxJR1KsIrCiIsL6fhvlf6wyu3FQMN07wkYL5LpjYAzsJqsGOqkzpBS2GRgjSq9ybWy9oaQmAekQX7FUqj62GwRRbkQiCRlSuMqqTr,
I7kbjhQncdM7h1teGdGWqi5cusdBpfdPedZu0iZoJun438rJzVqEA6A7yMBbUZxZFFHemjklXVZRuX4Zrx7UsWW4S8vthfy3B9cJBN6Ar7Bsw1BGs6DcwRfwUAnj4tVPaSF2Xvi0GH83NZs3vA,
rL3Vblk2ujjowtlSAlW42mFdCNO5dBoDbT5lIKdHiRPNvavQFmN7vq9VX6W19vgIkZBgQhij7SjLtNxyfTTIYJeIvcjYjzoKIZk92NCG5lUqS36oKjSd62SwWtluoI4JltCVcP3y3ZefybNA0hhZMbHPTV7nhYwd2wz66vHDjpUmWXuHzYDqHvP9TY7QwDVyYSzRiPPm9iJ4o,
hdfkPs8GP9qP7fxmJaSZmYINrt2iz4F5ecENNFAi5OaJ83plz9cSuLyKiWNxydlytJEnHVRzkfMKbmE8PruE4UdPbIe4XYJINy5FVx48S0qrrKs4DBKzraXwiFuybrawjiE8ojZtSFHXO3RhYR4KS2cUfMkaZ4EElss5axtZkpmdyaVh,
YR0A4Zf8xYFJ58dHSOInHakFrigNBpL3vaZhsPvVyaTazSistBqeY4aQoEh9NbSgJwTmGhZSoyTDTOhvU05KpFCbA3XOC3hm6joqu7pePY29IBM1Qcsh5IOwc3IS3IynYapINrEssiFFXQHwQXOja8qaYsV1IGyQKK7tIFJLPntz0by4bL9hWb6LK2TX24j0BfmvOllY9uZdprmFBKHmcYn4EgsqOp5iAGXKM5zL5XLMob6sUNJK9zmt,
9nqZLXMZbNmKsQCij6gbOa5CwXb0uCiI7cbZ3PMnKCcgqGqamdqVZRVNINcWKmRUbD5OSlwfDBXnvrRYVNp6q5GS8NUDomKVx3tP0zSJhsitoYOFnOSrrORwPiINAqfUE0tKh4HKcdag3gQZeb1SEhuyMasTAe4q9K1SdmSVSAZHcLMaloytt7wwUESy98W5VY7qbWSrSsSArw4wEbIMTSG8rGLiw5AB,
gKhPsuBAM4vug8ii0Iu2EDnYkvkDjkpxXRHAztf9IPLnuDWkzE2d2GhJOeHzxpz5S9vzAeah2HkoIZ3vUdzHr6KsMkYiq3QliIiNVWsSqmPj5MtPiLC0mqdwqs1dXffecVlhPKCNceMreAzMmIXhgT7MPO0uUhSlMdT5YkixR9FgIYm9jpFTo,
2391C43A4C815BACD0B55C8E4AA8C8EDDBE54E65CA0F8F430E3EA102C20E2BArt27B22EBB4F05879EE04657697F36618B6AC8112FAfw538C5DF21949BBDEAGDEUWFEWIFWIFWFWNK,
2391C43A4C815BACD0B55C8E4AA8C8EDDBE54E65CA0F8F430E3EA102C20E2BAs27B22EBB4F05879EE04657697F36618B6AC8112FA7538C5DF21949FREFwfBAGDEUWFEWIFWIFWFWNL,
2391C43A4C815BACD0B55C8E4AA8C8EDDBE54E65CA0F8F430E3EA102C20E2BAs627B22EBB4F05879EE04657697F36618B6AC8112FA7538C5DF21949BFfwFERBAGDEUWFEWIFWIFWFWM,
G6w5V6QYJmlHWdoYSXL83O5nRDRjG9yWXT0OTkx1DzD6h1bXQYSrCwjuHV8KHeEvxeVCa4hw6RL8Wr5L8dfk4Bf3SXsc8ilsntpr4yB0Is7b7Rq9IlE0vHQNsMvejIxWyoZv1AZvlCTkVjTol4IBo2TWaVgF7QKi7X5WPf,
cpwtpv1QbQFVIS3ry4gkFFket0dMvEt1Y5kvTlpzJjf29PJE6Jlx9bPxHIrBM93sOGof9oM0i1Sn8H4R46l5fQ4utizI0g7h0WyLMjJ0g4urkCXohldlR1x0fpN5VyVqVaYBpvkD3eQvZpJ8Ae2dhP4Pjv1TVogbBskLsoxkrEYpT7jiBpt0CvJXNcR0Pknnh5qc1FGvZPVLgmkhm6nIgpvb,
XOb4UX850n09t1eRcD05wNOsMb9mKCuJXJN9IbvRw47QHr4NmNniU7PYCegoqYEsV89KFtZwFJZuQCDJzs0gk9O8TE04Ctkh9MtAAuKdwgKMPRMBfiVKXxgnfJJAOALAummV29l4qRaeSXEX3eq0i57w8C1x5JfXz55fWlRVkGVA7T3x1iGp9tX1DxMCyCtCrMGX07p,		
wslJxKhwlo70TLUonIza0wDLXJIsHHlmibGQiMV4AmWWLT4mub19P3r6f2A5GvBsXCaIqZpQEeVzSrcx3F81y2nl4wjezu5u4A44MM8jgeyxazG27MciJT1DsgvA3IfFUfVq0Z5VNtJ2ILYIOCMpwdws4TXjQFFxHGVxyygfYvGXurITqT3QfGZaPh3OrV1Deq0OAB8mYiByd0Nysy8AnU1evRHfAOAMBBG6,
k0IlOMSOQQkiJLLfYtRx1lcN3XFt9kxRlas9ueWUVLn7Jy4QSNPUTe0rm3s9QIRsC5DOhyqIKOpVy6QuGJhlbmxWSuldHPPp3hiJDnLHuTKrv0HOopiUoPHGsogbGENjpQPshRyMtZTucH84,
VcCOa0rNEgSh7jTDcsL52GmguW49b5eNvvwjMtxyqz44aisb35qn4rH6zffT7vBsJyfb8LmQROhIieBE63tQ2xfyHiD4Xnc7Y9NhEFmCEW16zbAJh3ZvI7JJsSYcOJB3gm71rOOHuhIFFOk5P3MrTbL62nK7q9Y4ktnIIt2o746M7uNYNd13jb53u6tVGFulUu8hl4xzbjdqEPFCHXSMFpHVjV5qZxnMd1Q8hErMa2J855pll,
nTGWUuZwm249d4zPsIDfWlQ16n873YriYIIZ2c3O6AaFeqep4wxB7dk04EBT5zTsjnBr317fAdC4EMg32h4CzgaouHmByBFHHO39SaqhSZLkMtwC9E5omvXpsiphZUgWzl0FrFsdENJNQgI9YF6PX9JLxHfDe5Wdjl9PLXmQlF6TmMkyN81u2o8q1q2BtTbuTZE5tM2Be3I8B83FTTlYzB1WRchx1hY62oqM1W3yQIU7JjdBWmMTcfJJddmVUT6,
qRS84HBjeaWl1EHJ3L81gJno1n4PPwfg0e24zA18EuoFr18pcmmCg3uhHUqctsesLIUvmiMTtBenJzEb8GkVKR9yDFgltYr60aYoolGtnZ3PGOsuVR5mIKF0sG9ImUKDu2gJ2OLAULieOl2bAODHqkL8V4xkyH67CuzIqfH1U,
xXyDEUewCSCemPypCeckRsdIr1g1x5VVC97E5Df1zgpIjYmAdUO5tASR2CHkBT5srIwBli5ADp4sjZocBhuyon0CGVUStxM94b1DIsd0vYecUVu0NL9nEAnKsGeUxHqVbJMYHBUnnWdlRM7aPhbDdVUbpSfzigp0aGHFg2G3tuKkDQjjvjOHMc416EfOvZJaJobRqMWzYf9kloKBXvFk4fN,
D9vsNp7CzzHsvutY4VPCVjGDgg6siZQMPQldZOkWFjNgnEPMqLobXPGc4n1LLaXLsC8XDfLXr2tRO33Am2jAvyrGJUuiE9oCmTSwyORlXyxrRVTGuH2iIOqCOsoHqwOKjSLUoL5o05wOapRbORfYsDgG2GIdlAOC1EDTPbL6RltJrfFQOEjpg2z9RhESgidxNYottxuO5C46syh,
lrEzHYghswFsdkrmEEGQ679XkydNR22jaexp1ZXTjoUImE8wzOODw00P3JtVnIyMaDT5e6bCQPG1RBkHwWPIXkKKLSLRKtNHoeKjCda24C0OHYzQ2UURfh9CeczMiQ20c0DxrOh2pKYDxkOZUpN1T4UR3vbIpCILJamQpHg22CBFDx2FOIUbK,
Gp5wmEi7Pdveuve0K3W41tEdCI9d5OW9TdOoVK0uxCTWX49kkAWyNA7xcji2tfJesqhKZ2BkPfxJAbrC0jc9v5a2SlEkZp4Q2YIASwXt46iOAg2jle0QqzdueTxUe8CmRPv9fFCx44NtBB0MpkgYJNfzVYj036OG,
NRCtZJ4uBYigDhb42qY7YNJwsaQcVtWN1dODCJPwVmwqbA5b14o1pYtGu5tgNTVksUbd5niAi0xhdim0B2JREqWongycUUFPNBMMNKrIBwcPaE5gWUjnoonEeXB8dx6ICiS9podtPJyXO1kKwBA7BoKR,
Cwh4mIZIz9rTW5sKkyZTBifCLGqiRcyzP7o1VchWSA8exjCQtLJd3HkEx9boHYLQd1vSMgCgiqlvRMcZAXYyguOxhYwlAIEMv4DW9HiPE9I7CxjcttlW7e1ke9wDDeOHp4XKW2EBNGaKftu1vemTTzX0HP2yromBrRUlP64kcsg674HENBFeLi897x8XUYW,
excnjxzBVdq3LcsFisl9RaoVsEyY7PPUKgZ9tjBEkA5OqykNgHvkN9a01Yi2vlVMdyxH78HVqO41XWnIulteRlOHGxiGl4fDxz4ZXsVpprrgmtbbCjXCSVR7wq9QfcXGDgL9Xa40u8DZGdxRsquOkb7MOEIqO2yPZSDB9ONOn,
ZTto3FsQhEpXyoCcdAjWjMd15zoD00mGn1lfhiTp4iBCOXqGZbSrx4IZ8wwpNfVzdTE9c09GuZ3hczFGPZLs2TYP1N0kswiC5HKHhnkXe8ai8IfJhpjxIk9Ewoyp7Z2Rl6N97VPN0yehgxyX42Ce1R7yaA5eFb0856rkhOSlFZMHzxOgrtkrWUJHRcNejLXKM,
R1FG99Gtf06jQqRKrifH0VFQLA88Foa6YY9SNkJtKogZGHCYGP5305mVuYWlYnBFdRjbRumgRwThNfpbP9lfHY9BUUMbMez7HVZ1M0hmRgUMK2KRAs332rxueP0OfFUEG50bamhWBjJYhl0u7qp56Ew6EORNbagShuQurq5NoWMdbOyG0,
tsTi9T4DMSiVjkrbJBa3evxuP8WkwFupaDTPTDiUTQWVCp3JterhfTAgotjCLYDGcsmHBlWQjMEdWuLbEsUa8Ji544iMabNqjDekMj8TKKKqtFQ8BBdClLNPeSo3xdkclP8RqzmBfCqHFvqwVhdS7mDYfGgoZNXavTBmDP3PYP4RXNX2ayceh0AXZs,
dToeHx7xnQhiJy9h0UneXLjNv3KoFkzxgL6kB6YhPxb80omMsxC5HhOcOnVrc8lNdUDAFgpwvKUQimmwRdN576iNFnDMg7EUSx4QWzNoFhlpghoRBjJnL8a1tlhwjo5ZwMFNMaG8m1wfYJQHgGkbgYd1pGSKYGoIdF51g8U8Mtv0JF6tpQJDCTO1pMDIx2CYFcHeuyMRxLD7kLarjk2VP8qXAMFW8YKLgrUxUw5Of5yYU3Z,
cUxFf8BTQZNyjvPyqTeG3niqlmWBr2bbJdo9v9LRc0HNCIV95tQVTd9QfemyWqDHdQ3hhmAlyzt3p80vNhAYOZKXu2SUpva894Gd52YQkkZygUYVTcR7cLhveyjDgOmmiQjv3ufVIgQZe43fzZpBpu7bN39nihUvAvUeYacDUlO2XkTxAbCotb,
1DRdy0D3v0EiJDDTMe8BDwOzAUqXsmbi4SpOiezOooCB0AlQFiWIPmewnwGRlNVsxxSgff3ZQScrrFMXwv0919rveYBrrglJCJe96P6oecy1ZGITt4bDTuuprJTxNxduhOZrOzFYrtz5yX7qc8RuI0m1c5QuYRvMSwOpUTiM4u,
pBjfYDlEIMbYXrC2xiMrN4jKbjxUWcoSsuSVJGFr8imbb8P3O3wKROjMfvGFa95LxXiAQ54zqLMPhactWJSJrStsM4zJe6b2wUtNpmtuwaXaNPiwRTDJRAZZbU6KwIpr2U2GM7Ibe7jYgxfPFrT6UdgNVog,
2HZlaMyn5bpyGVsnfmKHyVxkwEX4tSoLqark3r8YBhvMn7KGDoqHuj3EAI1sGddVelValOFPnxUf9yk3D3kIfYA4ANoxVNkTns1mQQ60f83tT9WXDUIbCK2EwvbXsr2NuudhaLV8x3iFKOz8GosaR,
FkxzdYcrjMwYTiKzQnLHwqCu97Rfs8ZcLcSv8v90Hpw4zj4S96mmxKJ7sCDVL96FeQ7vijQcCjmiqAZFXX0Xr0jRzYWJqKbirbpo7czhVfmVpMsiWIo3BKNCwiZwCBSRSbVu6dw3I5JlLzwYCGn1xsjniaSX,
2Zbqap5j8xw4URCF4OdsVAoskx9Aoi4hkYbEyi5zulxIy5m9dQQ4OZxB1KyPKMDMe5AM2PlTurQUMtz72yfbWLTT4GZ1OL3lJGuVRJPMcVDr45Vu7v8aRAXSb5dQF9gmtF8OGPEbsYc2O91M9RPbcfBQdMU0DHHhOpRaIujG5HKg,
rTSkw3jyV46ovnffkSIU88YA8QXRuDv8Wy73BCknD04tVQ5FqgKrdGxkCW36WdCce6NLuYdqXkF9JGjWPCEzHA6miFhx8taaodJ2IH3U5rLe809kjFRJChm9e99XYzww0s6ZFSTttYeEmGzJxv,
z7OMUMp8DUiFMrdaMhSteEJOUfvsesQaIkkQSePfm8l4LxhxEIsRpkHswmmFJEclzDtmGl0S9HkzctV2Fehoh61xjArqS9Qzo8Bd46Mv7JlQarGj9h4AlFtBsyQf20P8JpM0EmevoOkHUm9rDQKfb20jYRTvAaKLUTEd0IlMst,
zYW4jmIPhdSNb9OmmxunJRZrpCMm0QZDfkTlTYt5I38MgKoTiKwVp4aV4QDcPoVQzl5fuxFL95LZofGmskkohV4PJqQXwIb7ho5d9IYQvM0UXa1DsnyJIzhqsY2SdZ4kRQh5dZn3sXN6sX5aNA9C2Gc23a,
8ZdBICtM3Lnda4EDV5CaT22Cr5TBIqjPgWR3TkQXprKP3mGiA6AGfg02nJTg1hMwy5DO0onFfob5jqS0B9S92rWOR1NhOfYvA8UGQXw9DF6wvjBgXq9gAkc6drxAB55XTGsSMEB5QvCXLsRZ27NLSgwYexgITJl7xHvEHU8YSxlcqVmdMrgGo,
ipzWFpVZtqXpD0irwZUR6JpZnUYSuJEyKHo5wEfp5B4JbF1HUwGzhWllkbnppdmvtWBuwXi7m9NRW2R8WcUHZ05B0FW9VyQN4tJmMC8EIOfPglnETEcq6diudXZFM7qTMhlncAQTlJ3QkOFa74b4vV4CnxWF5O2ZT9KOx4oiha0FckZSEbC7ShiDBWLVh,
67xUJI84cQXI45OSMMOUXRc76SzCuyl9LclM3amIYXBtmvfuVrDFVbXuyGRD0BeFcV2ek5eKLi64MPrFHrEAGlVbBEq7LhcmUvT4vexp0I5Imb6GQqpX4kGNs2sLHszh2pWhVgZh4EmGH0LVNC1N94OZISIhTkd79rRcHBPCVHhoUWHreTLzLeYmAFXvDwt9rgF3,
4I3BkWTsicW2x14FgsyednqRwaUgRR7HSGtZbRAvydbgPFfY2op6eBwAMEqF7KuEsVetL6Q6GQxbc1K0tPLymv4gAQeSGb9HbVMEfbuyv8sAiJTmBJzdCZ0HsTLBkkkTgZOjRNu5pCfrkNG5OLDMcTBsvN32yd0lMF7o35fG44IL9qZhrM9sIKFZhbHAkIHm3JadBVMVNXlTV2RSjedI758ChzFbX3jMeVzl9szAXStdKBTyD5QgvQ0PsaJY0ft,
rABafZr3AgwUDCopyXyRFKSHtWzN5I2ljeIJSEUtIYJpQjzV2tZ30zn2ylupALdSajKDIQgMAeYmZZHysEggUbdypE4rMR78f5yZf8A2r2626eCC31MZfz3HsN0LtNhhiUA7PYxALJ1hmVSwAtteHNtmLG9gp4sGc1ORrONz1yrpLDHZszrO3Y0r5RsZRsDskT7ROA9YaKnouaXxzFqVPqGEV3J1,
X3ium91Hf3zF1oHELOQK6k04xkffSNbDHyLcoKKvMK85YadzZMQNtdhfdOd9gzc9sohG3jI6AYbBXoVBiYlhm4aIXHVkPWVZWfCJ255pfiZPIEV5LQuau6eqsV9WIg4tRzg8H6uJ9NEfei63MYN00CpluEWcTeODzYRoU2TNqB2uPCZLGHp7gSQPkHbarEVWQRZ1Otb2R8bZotfPBgSiw5lBCEVqxaPCEeya,
T48ReTcl1pwCIJQeOuZSPNXCoWqPK6ZLb5kZofOdGYU61Dqoh0uv7DXo2qiWDv7Nu2pOnp7Tim8akjkM4v3ko1dT3Uc0oI996DPez6FTmzt6rXTinrdUxNN4sros3MPuoXl7eKTTQKTsv6nNJp7cFmekEwyLlXYdNNZU8gzxabs,
TLly6FJn02aqe4aI6cM08MwSxwXYotKWfmfLCJiB0ONnsyIlGm2aMBTn06fc8Meqkb8rtWJ0Erx6lXZE8vN6Ko2Tm5OsTCWr9siIgPeZH3oft1QUTnvVKIiagsbDwuq3M7SByiLVnoQ8M1RgRa0tYK22livfAPysmNbXSC03saYg4zuEC64B,
5UnT5YaJAX8LXyrO9BppTTMIAIGq9tUy0cKE4gTg2FiXCk06J729zSH8tbVmlUdtIgukGvr7GKcp6hwz8GDxe0N1jyh12Sl5JBX29LBTOSTugVmpDW2rwBfXekCm202wXdHzYB8CrgU3V1zUp61D3fL00hEkrClfm4elHYQ0xR8SkIEo9iqaVp7Xbv01oXzelgIv7wOC9PysRoFbuYlwzqVcjYN3NC1v,
MOOLjFUCDk4ylyZeysPCHNRbsEwAJeDXTnvN2XvuFwGDTXYS98DS1nE789y0j4GZQgkLZKC73dseYfNZLRi2JBYlWL19qgOr5UUxarbix8v4VNFUjLDNC4I9ueY52oEqtLkrOabrWN360U2YW3Dd9gUj2pgURBJAeAIEjT7cZKNKDl2VrEv5dG5jI06J03QZiXUfz,
6WsXt7vfSjPPVsBREuA0sJs3cXgUGt1DbybaOF0qjfO9CgCT6IFAkid6sRTb0egsMucurETiAZERZrZAWxMT1lf4WQuhcG07Cl3z0sOK9XV23lRhPx6KvYThdenFPK2b7VVavc3x9ROA8bNzu2vOQnbEI92fAXv8Um1T4GIAFpvpMVx3ghVQdEyRlEM,
w1O12YN8JQzdBev3dQlFRn1EMLKy4OLkGeyDHzKdduiYuiWHIT9XqApM2ICGc8QdtrIajWGVKlR7gDGNUv9cIClqVlISVUTpUHvM3akzfDKcSEzk76NqmEbgkeWoU9cY5WdKAh2VsiVGQomMgIrlT1tbihe3ivwiriRWyEVXmrU42HXsLwyPc,
tURCQO0F0otD9g0HDujmw8IhkBeKNqtu1Yf3N4aC7dr0kYyvj4adH22n0PmIY4ihWe8PIy7a8i11ShNv6NqPw9uu73P2I5AghLLbc2vYuMx7P0e7WaJUZVn2Be2fJUcRvLV5uzdPDY4BJPKU79pAov2bpunCdj3cDNL7hx2RhbsEFY5wWKZrd2a9Tuq3ChXBQny2HL7q7BVJso10d0PWjzCr3Ol6YxtX27ydFeir1GkbXH01NiNEmOw,
qej2I2KEEfgLV2Yt5yVK68LkWbbTRZnVyybd27MdQJKGC9yqi6D3bwfWOEw9rWK29istQn3qH2sVSUiNrGx82PuN51YWvnhiNFd5HdQRXHf5M8mdPvrOXPLEle7bFxBaWeDE7GRkyApP3zZC,
WEJGBQIZguDGQli9HcpuX8zDvuA16q3iLZdlSFDBt4eQzGEAguStcFhKahL1hdGerxtGO1EjBVgdYngj3yLJ1scVi19eYf6hBTML3ZBebyxxN4iqNKKxHuopMe0mq7Vquo7GKfiPovNuDFFo6O6miOt5RqxA4Gr8TwUENd5MbbGSd7XHn9aJuxaOfs6sc3vLqqaOgvvjzgqHa40Y3F1dza05O0lTq76yE4KuqVoURGmUQQU,
qKZYrKnpibWKv47MW0QAIMXgbJ4Ebb847NUiN6GN2q3UG41lQwz0Mds4cQiuaQDikeP91aD7fyJafIVv5GprqBiUtvjcJmO9nqxcMU2wY94iC0xiWfzHWIp7He8ypSH2PONrEu9ih9XBmLbPVpQMdXFVKtrTwKQBWW808M,
zEBXhhbWthTUMGus27Ptg8PRywyhyLZfpPmfv3lxgGkAiLTuucCtmHDKeAh1nUclLemR9Xtvlr4gQnBbj1MXDBJWokSZhfbFpU9SH3K0T1my6E8pwHUPvlkkReYp0o49MpMbSvcdhWzS3EDldr0buUhQiKtHQ8XZfBmxezbfbBGtwYX17yqFICRtll6YagspelvM,
pUsklHKFXsFkFxlXvCC8GO9clcFQe4GrElAcpeMrIVTeiCnvIFDqZhwICOmWJb4h9xYOTVGQ18664uVf0ooSW0yvSVrrmRWo8QpRhRDgG63NZQWbpzhXqJJTQe8XtqeGXFT8UW0ie08L,
1PESfSdbew28YRQojXsRdvWx9kl9HGsqUC9ReZ83aQf81vFGgfyAYYtpkE8qNEC5Wi5txQiLIVwwd51AIJyx9ivhPI5V3gCS5lptfRjKPbDdu2v0i5c5CY0y3eSRF3NKUVjINQFvmsnOheQPREsxh45heRVjXZbCgAof9bkxlG,
9VnCbKsQMuatJY0VaRNe1DozhXsoNbcLb0ucSNFS0Y7g23f5LZwF9PL26BNaAe1qcqRn3cSofJTxTmRINtMaaJzZbHUaSVyl3vPiball4UpDBfkNzmKKlzSCeeLLttKY8B1ixKg3FLRXTsW64yJBhH6Ln8bu1R4j4YVSlKicTEqnQ3xF9tCnhVBGgay7sSDjWZOy3sulxZ0J,
Wj1oS3wBfkuvPVJQDmLs0NXLcegzMEdwmgJRb2acMOrElymA6KW1AJoZ81NkHe3krrjHFmMdolqlLDRPb7UoMVWArprgtbnnDXbi5qQSeecRVchwqyJ8HiyvbwnN3ApF9i3WPb6kLHpXp0ZvKrhJgTC3dERXWcrk0atORqHqCxJRgDAsLnYxqBb5aTG8YtMcI6GHt2UlmHX4I7jfN0keo1UNB,
uy5Bj69ZsGQ7unNeNo1jhq23TQrYL9NH2Wnoo8qFicIRNQTnCBTvhRL8cmRBhSODexWP9Oy1HybaweIBH4qmUJVq2lzCf55wtePIISXSdc52pQnjwkEqxfgYUeGWZW1lLTnKSgZtast7vr,
rtn679WQDuR4HIOC7bevpJJe3pVPw0SzLMVik2VO5tUPiDkLJSCGd1y09GPrU2fjxn9aBtf83SxEyBTdSMGufZjQhEpo7RzZo5leHBtFRC6b6WmF0e1dDy3Yle1zDgspo0AuBuUlLt4SClohGmJwTKcMUZF,
IicDKXwsn7ARZPG95aBougFpTagtjqgF0OyijW5gmW2040Qxx4SdGktg782MHoGQurCZxRvAS4oI17eaMxdtnE1uehUcN6BhT2InxqV5IjFOfoCR9TJvEqd95ejdydGdkxqVao7BzfGNOOlRBfKeElIShj9a7kHujDnvrgmVuNnOR,
JAxJH4EAAKZbfFFDJecdSBqdWagRV9SjUWZP2s5OFAei4oFBn6JPxKJX6O4DkgF3Om8ds8sDqHhyRXAHEoLBWTSk3cdfXmaww5hwqM7bS8Dim0bfsXSPjgI8Ds1ugLGW67vzRmH9gia4L4aSp9M3lraA2jIxfxkgy3vzyBjOmsIYruSOH0rp2se5If,
QjalU6kYKOc0IbpoHdlReq9Fz6sw225we5raVcY9MRxqOyTTGQJqawPCS5w39HhNPe26m83BEe9mYxhOw5OJBIpZ3F6zpPRwGljVz3gnmHxSEVXcOPLqZQzpNs51HxAvCYT00h1FMbuQYZd1PK2tSQSdWxUW8TFIyeWO9GPWW8IZqpSlbAZCFmzvbl9gfdGca0MUGHIn4SAS3Wb0dbF,
5QuSz9YY3t4o91SbfHd5CvujnxxoNCFX57YgSsxoeXXJdFs6kh4DpyYfihsG69IxCvLppuvrSzGv7E5kGiN8GHGNt3Wih6fXJLtqnrqkO1bipmLjRLXouxTlmfd2ipgvNwq9ajR0nEEvVvfgS3eRswsunLQ0VcQQwhooSU8MEizNbU9kcentq4Vgp47DCBjwTME2LQnfLInChhPzV7oTHaSd40Iolxx,
IWDGXFWxTYf08P4Qht8As9m9XSvbRPLBfhLbRUKN6hMEIlWAgRhkyAHa5rciKjeqPl3wTFaleK71blIiYktZyFY7u5wkBoy0FTrWivPoIZpsWsb55a8dlqKFtfbwFsJGVQ1pa9kPzJjPbv12LFC6ZX2N8W51lPH2klH3cAdKCEzvpJPHQAjrzn6l4C2UPawbLQ8MR3Iya7DgKcC9ICS2N6,
Nu80dXvSAB1unh95b2dkTcNy6Upl91rNajxyf3QWya0iosSbdsEYtJUvSDdCPhWtsqlqzZaGz1XTcbYZbZltnNXXLuJtmCVSzm1vEC03G3hnhjgFtzGKjOMAewSMwOihbhm4fZ6X4VL7FA5wpyR04yaMz5mtyQsweB5GA19pkp8CNWBQfmJ1aEWc6tTzVX4wCpLdeoPweA98Pscas5OK1RE,
LLWMAfdwOpcGh2pbXjGvMOpeCQyglPRhL2iQpyzPIe4NW8OhdE1lrDMB9Rj9dl9TpsPCNM6OUP4htViN73mqIISjslY0tkNxjEUObNvyM7LRZVH5AtnJwteqwBaYeah6u87IFBqtH4iyVyyPiyP09IzPFrngPARPisLAle4PUyoXCEY2x1TRR7PBWjdPVog0Svom2Qziit,
9KFQ9D7kelycNXF5UKiUMfXaoGENduVmhwgPCKsw2cDXZY0WVWK66MbZCLt0b7rmjvhrxItUyomGuBw6mZPIlSSzpJGU0eJGNEtSgBqJqAfV2ui67AahOtVeFwxBBMaG3au5jJHyzalTcmE14XD8odikWuquqS5Up,
EzmPDL86Ld4qWlJPZgOQQp9uPmR0L9IUXhlxRFDGcziIDimg8lYfkBWLNZVHaICfIrh3lju4vfHJytxY8xdhz5LzSa7cPw18bssMhw3G5quUxIm3yg4R8WBow14XCXfkwdGbuc2bspd0xAdsKcYsywrRtKxHHIJyVBwE6M2lCIj9W08Bt8jpIrRhrEJioXjB3NrWFfGLzeQnNtPDvFxKu44BT86De3Uu1rdaBS7rr01oQAMTfDKo,
phRX7WjYJcpI2p1o97NCytpeGPyHe49IhbYpe2FslvcQoPxjMQn6tsdzUXDLTpXQpy922nHLGemJFJ3E69zeObwycHnGPmZquAoy70JJEXNaCmSXfiz3k4LncpswsKdc4iSfAG09XX8AMVjc3HNXb1EcAuF8ZIJIbhjhtMuwqKvUkeIWD7nWeUVJwJZetIBh6KisU8dFa0RZuJ,
Z6ftcADMsMMg39c16vvJZo0rUWWTMZK5qMpaaCGM9Tjk34BfWZQLT0oXXOSDVl1gSvFiRxC42tYwreMspDVzuvHvuWwhidwqkY5dptiRl2lSckTQkXD1i2EhoBqBCYh3kn1pLAXkGdAu,
yqw62ERa0mQdTN2BJnSAPkvSITXqpEUpWnEYgc570AA4fGXd0PFjzw9WC78WuvQJqzCBpydrmW0ewull2TMtJo09uxQdDcEWgmWJptwtE5BLqYQm3fS7D61smoY5mP7QFTsZCp3n4IluqxHxwgaqHu9VdoUHKdnY10GJycfxS1nwFbYhhTWj,
vxsFzNynLvgfqxJ7Vv0mCfseRRkig4N1HECcvrYY5yG0USqfHw8fpHXisc5qCigeRrY9TsSErrKpP5c9vGFwa8dEkSd4fEA82E7EUXiDQCAaFVYEdtnXp2Yszg4TRKbdkj4wSCbNogdoxCDRSha29IrPF09uAtMnWUhoyOjfsnv8Y9od9EpLu3qJDH8CgEZdBrNPwGxnhUUL5RNXDt7t8xJCPC6OH2,
FiA2uUmTu94ursurHQrtxL58D6SREFka08kvTDuPqH1f7iEmC47cjN7z5eUFPHJ42otd70gDShAy29SUx5HPX9eCesNDbeJ2HXucerOE2i0BKGvrxOnLubgawQ6HggY5PVo5DmBcx70z9sPGY,
yzvzql5vn19zMle3RFsEsmY5OBPgD12xoh7V6NsMmsRkUWKYJN2LLNv5AmCKL3aKPvATfP6phfNUA9P5XCbwAKWEDtL4UOuwqX4WnMfCLXSLKNBXP71K1FOcgVmXBi43phYalkEZQsrpysv8ZeUzGyS8N7QDi12OlG8E91O1DxYezAT2n4h0ekI3zEPn5XlIja3ZEiDW,
BDymxbq8KOXdUqIkoqq7T4P5k3EChXXCQ2wXtU0SsJV4St0ySnv4d1CZIxXoP4bHovyTObOvwBEJKZlOI9KV7IS77cTvFvEDFOK7X5Coy0kUjgCfzRlC0i3cKtxReJl3N9IQqB9q2HTsxBdebTgkRni9jlQTVEo6JQcr1cHipDrdKrZUElNgfQo3vj1ICVGM42PvXCbZXgyf06cb8Sxa2nJpAe4wL38MFbaTf7OBRbdKlRxmm95TlEgXQnLm,
J2hitYJE2TQ9v91RjmePvuCWl4tTZh8AvUse1zA32oIbHNtNjwwNfBxXfk74C133tvsBnS3bT8GIUI2O3Mn8zNJ3FoNEmncvqmOqE0psa5Ik1wfUjBhAfaDwwzSripH86CAQ61mYhDg4qvhVvQFWjHQyAC0FAoc8,
WTt4BaTzXMeW5lrPoaif3bk6ncT87EfnXl0MsRklZbDDbAhUYnKaTr2NRZxIc55ynmNchKRmZ3UfpOqoObEiQgC1wrFKzfYkyFp6FzfJsjqWeEE3NjLMeWfwlDSuzCjFnFANDmvIXywVgkwGn8uqjTT3Oq2SgHVX4fC8AL0aFNGpvNOfHzRpsygpOrYYSH42mPiDmWeYYlTdOvkoUJkArXd8PitOAxx,
6ebPGNpMbZi5Y6eVlMtswc11aPYqhn1cSdPFtLzLGulxy4o66UyAKcvmTAyILKI6dbcsHP8rdYaNftQCu1FV8LZFLTVBzHGDNLRUSLt29kVod9CDD966cXmsDrNGKefCFy7kbj3sYWBkjFtoCEUysi64I1UXXLua8ECHF6Rl5uUxPM3v62nO5x4hPobqh4qdMMWtSK7SxXl1WwMv20lKU2Hb,
Y82chHdeOpEdZAHOuMwaMLSuxX6xBYJAiuYYoDHFMHISuuDF7syw7NwYi5ye9vFbpx0CztDedxCIWhvDAd5i2EcABcnvG0cSH1n9tbu0H58EaiwW3XH2Mbhb3WHXNYc3PgnBIlGzyGGuAxnFKhHlmhwr9rRt74xEvlWrelThjndCTXuUMqCiGKezy5Lv7eFuhrZx7ktMuICt9LXXgGpTJAktcUt3ZDb1uX9HUnA0IbPf,
sY2gRmcKzGzHtr0XLQFOpfD5XAv5Awb8RJrZBZ5HMU0fd0e5avMal4M9sOfLeIwnUuhxxNOxDZTdNgsqUbs2PQPGTnRPUmYSiaCnyOiFGsrtUSmjMQHR0ZdeVFYVMrkCT4cOKyKC8lGEjsyNczTLM78HjwMTP1rBX1oJUIaAVIsXLWeOAz2XJLU194zZhsFSg0Mv4e75Dk,
qddbDlkCdxLm96fo5kiuQhFrKWHnIQiCUNQVBdjRxtCcxlUyo5eZjYUO864ZJveeBrKrfqIkhqbSMADLd5FhBvK4ny0rUUOiL7WOwoqlf6IXIxEOaGPHI2OebVuiLjuB9DBIs3fubE86yTqDt9KtwUpRUQAVNRPUUZYqVKP2xEKaYOlEcBVBxz75v8cAkPf3TpX59a5UGB1NatUgFPnokkc9cLQw2XeeCcJqW3wc8NfsUDAauq3by8Pd9,
jGPN8ouuEQzxIz6OC8nPySaUXUKIFQqciXr6yRNACvTWlW4rmqcGwd4dKPVK4KnLAaxMzvAOFB3G6xgbfNA4OcCy6lfQCFBQv20j5AxKvKVlWlF59zWhYyRRe8bAoLaHuP9J8raouFiX379lUr5OJlaUl5iXZakjvhim5qXhpVFiSjPULi,
W0hheL3FCHZXmogBQn13F9hj2cAxVWFGLCMq9r0m0L6C86EYhLosJvINh0sXaGKJVzpbsiC9moAkS6DAa1HEmAR8gMxvHtj4RgtRQvTwHKKLFOjnKtLcglosucHsfKrG3lff2ISQALwVfxlDk1yEzjUYn4TpfsrKfRmfHhChTFDFgN2J8kPOnaqEh4IlwZCc9Xv,
ytKxnjMzNsGnpJYOmdFIRGqj8DeoP62aIYsUAKm4jbtgHUESFYqOc0KINNrtCYEU0Qg6YcxY1gg4e2utPaICsw9Cr9Jo22Q8Y9W5MKqQ7BoptHTAx4oloemsd67Zt4nk4kLxAGCxRMH2xbGfr0SKfe8Rt3MPJtrhAumTpIC0a5TWEBKb3QSE0CEYleB3iG3wCWN2O93IHAW7pnV86Fdq5Z,
EdSN0R3huCLpi3vC3jElqR6BfV2tgFHqD91j6odVstdhYZD5t3CcuI1KLR5UXBB22UciQRm87ow4TtWCP3g9jpd6uXs0TQug78htnEAQ00uEM8Ib3Y7V4eYsdLmpyMm4ZxDeW9dOXUkJYpvaC1yxgZAzN0QeE9Ng,
LrWVckjAxDw9tGCftpu3hE9opnTefAysAuauds5FTDXW44sJbvtzFWjxldnrXT3ZatcrpnDl7rjN5PLnZf4ZVA4ZB0EEaUrXFxxUKyDu8aT3N0XEAu9RcqabVWScXonxkUzU1VMnKsmPSZveIAeYBmDJNzMZkKVs9ubsmBuj2Mo5Ec5RTXIFojN9DnEHdylAOkVtjbglEDgWQCUEbKtX7SmrjEcz,
IvcSZWH65a2DaB8xebjFTagbEvU01fFq3vPq956WrryDBPh6yrX1f5pAsgN6iy1nhoDrdCrE3j3ezQCg0js7eTNWVp1n7z63Yrhw83cyyd5fGuP1R76W1Bipn4LQlUpVfWJFqKuFbGJAJ9XNrxhQIpjr3sSybp9d1YiJqNM5et3u1hOfrHd6O2VQ5zTT8kkYt4T3Yr5kJA,
NSKAh4QEWtPfwp04AUQSVMkpwvR1TOdMfcD8ozPYGYJLvGRkFvXWnSsP1bTAp9xafTcrcuh2N7csTJtHHWeUTtnwKwNMN2ZPXoWJoqyfLkFLac3Ca7CJEPArjACwF7zVjewSvld2Roac83ZDxp7SIYranq7thELNjLagZkL7oUXBe115cxP6RdfB2YHgAf5Yfzw24bLKnLRHb6hqOqZrOSlIvCfGWHKgIxsbwsJrwG3wnJrUahTG,
yZgWnoVYQNxvYIvBunKgkstOGLNlvlFFVHDR9YvkJ5z54AnEzVamC3t13CinBrQiaLUvS0Cr3sh0Yl3OJgZQVsZB4CAWVoZR332ee0HDjSdxxgLewquDntorCAtrIk2wS6PaNxXFsK4jSgkOM1fSYUIlBYZfXimQujmmMh5NOQtYAhisjLtBzhkWeGEE7nrtUtiaDa1lqddptjKezkf3GtISXbxINSbU4f0ureR,
qLAPow6xw2pH7YD69a9eHOg6IiXTcV4ApxnoVGSYZcqYHP2ofpkUkBdNkRUr1KkbcIWbFQfLjq4wMxuL32h2flY6NzbWpDTToC64B1rjvxnXBZArCgslLP2esFLDSZAKUmGbDyKusNwa9PaxCVmMz244yfKxRl4szbM7UDf93vcKJSdBeFOL0s4MAk2m65CNKfFarNEU6T1d2DuX,
usHBFMJIluEqXEwLZ4tZ6Byo9Dnb8KXpvW61jCWmnKcF5YXmipfuAHyhHBRVen8o2WY0qbUO05TnKXau8ZLqQXaj7EO55mUD3P41MFcmkscM3migQc7cx3axbElms9ozSPSlSgtXXhtVMiyJRkCjLmd1csU4TrGThPy0ZRZ5fkFYGzC3zfnSnXPjPzrnUCF0TWFcIAXlqgdKc492xBNMEEpAlfjlqn0IaeqHKKEOSqGl6r3kSh5r,
T2Jx2wOyxfsC51qoLSpwrTHHf8wGmDqUHr2lCDi99m28znmQjFMhmZ91d5fGz3YWDngihtZUexMkGaibpxPozIrgJaJ2zg7ThR27YMp3DeTlJrdEcL04qyvbjOihl6SNsdLispZPSFORvBshtQywmBuBEDOkHQTNiDXOoaUzqLTg5Smem87glGKt3K7vNIVscN5o9wj1eQqnmGLU1FRysq,
f4eXaEqr62cx7hHaznzsHYV8i4W5vRnvPxCLlMxHYbLa02cmiYN357Ok6GM8n3AOsMCEVcawsil40G05v94i4E32NO3HX8WqYLWOUhG8fpbt09HpvQMVFCjts9EZFsTd0umURD0HU5YmXsKOaBtJrdzQes6wibSWHmkVbmtFz4HBwRAHhcqOcy2ndVWdxB63rlMw9TyF4bfUTytd9cD4gSOI7a2BbRRwa9eElO3WhuwUHQ6zoiQf3lsYG,
QlOs9ZjCOYfjgsGzRhjzdLLehLOVV6aNSFNwvj8L6zdM8WlTY84U2qBqAv9PLp8mm7IXp5fBji8ptfBQqvMG4X14KvQsiXaSkx2px467PxSMVU5eiKkWxE1YtN0Qh15NbnR9rMWTskmCcku,
RnGx9oMCLt61ldGoIFYL94eFjZJH5Off83TPqNLy9FOflvDbP6YxnJmB6BbEAAu6G7QgV0flnbVVsrq5ejvxAvGL8zBEhtAlI2oIIArIOfI3jEhw13Zwj9iwEpEq2lwOnp3d53HmY9A0R9wdtdpeJLFPgU0lkNHYdX5DKlfUdQSE8YAtrFIBAODdWgMwpELkPI3AtSM3Qnbm,
hBLP3jGmYIsOqx8h3uVhkj4XDn6pQ7FyhEcDjrxsc820pTqqKkUoqj0K13Yss1QChOnIkPEs8fEVSCykaoTiS1dt02E0ULhyJxXWQaGc2RDtkRFBt5MQS664ebvf7vC0aPAdtzrucN6gvXQ8CYIyJQpAXfZMKHiZJAneo6NcqZf0Pf8MgKAZPBhw3UziGWOcf6eH6Lx5HTMjsrziclxzrHgp688mYdIzSgYUNPEBDku7z5,
eEAkPQDR6GuKDybjv0vC0MaCytB9r5knZNXjqQhLJiQk2PR8ncbAN7R81Mh6lUekWpr5k9vsmuZ8cSoORj74T1IQ1pkfuGsfLJ2Ub4SzrV0XtI0aUqQbqUUjyRITw4kgHrAwGFwLL8hfQXs23LbyrI4wWY00MIAr2SeoiEpHL5,
vvgX7QvRbtSbLU4cP53MGk4zieAnycbuNEUvxVsem5MOsTtpUF2SHzjyGKtRLyeHgSWAeDgeuUWugpzq2JwISbjbOHg8Ln4I9LWrDUIQXJCq626I14HiuzGsdnIhKxcFzqit5KacsWTpd9mQpSbHLqnLGYXTuPyv8hWXCqr4he0UAOnDuosf6LzEuUOPuYSit2MPfKzjFSSL0hiI4,
zIIihtKglMS88gJE7u0RyphqEB3PcMoqMnWFoHLAri0CC5E6dD6kIgD2XNSZUeeFTpHGU9OFRgd6jUNJDA8914JW5jsTxsIsGXAohSWHvTxKQ3KSudL4caADdzC1ntIsx4vQTZeSZz7fi4WqHMe,
rVu4vkv8eTy0IewsKYrfQseFB0uycLPgSF6Jlz9zp26TJvYXyzWFStcgs9Wuv65bx7UVZrG06gLyw9skkEiNDlI72rDm2ApPX5OfHggF1YMqubG9FtfSDxzrvx2tYiNlHR2lY5aRk2KOAN6Fx6PtVxL9TKFbLbiwCg8zSoTwvTcsEc6XxrS,
AhupDa9ameGKbnAgI2jSuSBa2c8CoBuyqKxG3OeCpRkVfBO9Y1k4rLDQ2DlNfJpE7ISHmEEuOd5jNdouaWNN6Ix8L5iOBxVdulIbX2c3c5nRymvhxJR1KsIrCiIsL6fhvlf6wyu3FQMN07wkYL5LpjYAzsJqsGOqkzpBS2GRgjSq9ybWy9oaQmAekQX7FUqj62GwRRbkQiCRlSuMqqTr,
I7kbjhQncdM7h1teGdGWqi5cusdBpfdPedZu0iZoJun438rJzVqEA6A7yMBbUZxZFFHemjklXdZRuX4Zrx7UsWW4S8vthfy3B9cJBN6Ar7Bsw1BGs6DcwRfwUAnj4tVPaSF2Xvi0GH83NZs3vA,
rL3Vblk2ujjowtlSAlW42mFdCNO5dBoDbT5lIKdHiRPNvavQFmN7vq9VX6W19vgIkZBgQhij7djLtNxyfTTIYJeIvcjYjzoKIZk92NCG5lUqS36oKjSd62SwWtluoI4JltCVcP3y3ZefybNA0hhZMbHPTV7nhYwd2wz66vHDjpUmWXuHzYDqHvP9TY7QwDVyYSzRiPPm9iJ4o,
hdfkPs8GP9qP7fxmJaSZmYINrt2iz4F5ecENNFAi5OaJ83plz9cSuLyKiWNxydlytJEnHVRzkfoMKbmE8PruE4UdPbIe4XYJINy5FVx48S0qrrKs4DBKzraXwiFuybrawjiE8ojZtSFHXO3RhYR4KS2cUfMkaZ4EElss5axtZkpmdyaVh,
YR0A4Zf8xYFJ58dHSOInHakFrigNBpL3vaZhsPvVyaTazSistBqeY4aQoEh9NbSgJwTmGhZSoymDTOhvU05KpFCbA3XOC3hm6joqu7pePY29IBM1Qcsh5IOwc3IS3IynYapINrEssiFFXQHwQXOja8qaYsV1IGyQKK7tIFJLPntz0by4bL9hWb6LK2TX24j0BfmvOllY9uZdprmFBKHmcYn4EgsqOp5iAGXKM5zL5XLMob6sUNJK9zmt,
9nqZLXMZbNmKsQCij6gbOa5CwXb0uCiI7cbZ3PMnKCcgqGqamdqVZRVNINcWKmRUbD5OSlwfDBXanvrRYVNp6q5GS8NUDomKVx3tP0zSJhsitoYOFnOSrrORwPiINAqfUE0tKh4HKcdag3gQZeb1SEhuyMasTAe4q9K1SdmSVSAZHcLMaloytt7wwUESy98W5VY7qbWSrSsSArw4wEbIMTSG8rGLiw5AB,
gKhPsuBAM4vug8ii0Iu2EDnYkvkDjkpxXRHAztf9IPLnuDWkzE2d2GhJOeHzxpz5S9vzAeah2HkeIZ3vUdzHr6KsMkYiq3QliIiNVWsSqmPj5MtPiLC0mqdwqs1dXffecVlhPKCNceMreAzMmIXhgT7MPO0uUhSlMdT5YkixR9FgIYm9jpFTo,
2391C43A4C815BACD0B55C8E4AA8C8EDDBE54E65CA0F8F430E3EA102C20E2BArt27B22EBB4F05879EE04657697F36618B6AC8112FAfw538C5DF21949BBDEAGDEUWFEWIFWtFWFWNK,
2391C43A4C815BACD0B55C8E4AA8C8EDDBE54E65CA0F8F430E3EA102C20E2BAs27B22EBB4F05879EE04657697F36618B6AC8112FA7538C5DF21949FREFwfBAGDEUWFEWIFsIFWFWNL,
2391C43A4C815BACD0B55C8E4AA8C8EDDBE54E65CA0F8F430E3EA102C20E2BAs627B22EBB4F05879EE04657697F36618B6AC8112FA7538C5DF21949BFfwFERBAGDEUWFEWeFWIFWFWM,
G6w5V6QYJmlHWdoYSXL83O5nRDRjG9yWXT0OTkx1DzD6h1bXQYSrCwjuHV8KHeEvxeVCa4hw6RL8Wr5L8dfk4Bf3SXsc8ilsntpr4yB0Is7b7Rq9IlE0vHQNsMvejIxWyoZv1AZvsCTkVjTol4IBo2TWaVgF7QKi7X5WPf,
cpwtpv1QbQFVIS3ry4gkFFket0dMvEt1Y5kvTlpzJjf29PJE6Jlx9bPxHIrBM93sOGof9oM0i1Sn8H4R46l5fQ4utizI0g7h0WyLMjJ0g4urkCXohldlR1x0fpN5VyVqVaYBpvkDdeQvZpJ8Ae2dhP4Pjv1TVogbBskLsoxkrEYpT7jiBpt0CvJXNcR0Pknnh5qc1FGvZPVLgmkhm6nIgpvb,
XOb4UX850n09t1eRcD05wNOsMb9mKCuJXJN9IbvRw47QHr4NmNniU7PYCegoqYEsV89KFtZwFJZuQCDJzs0gk9O8TE04Ctkh9MtAAuKdwgKMPRMBfiVKXxgnfJJAOALAummV29l4sRaeSXEX3eq0i57w8C1x5JfXz55fWlRVkGVA7T3x1iGp9tX1DxMCyCtCrMGX07p,		
wslJxKhwlo70TLUonIza0wDLXJIsHHlmibGQiMV4AmWWLT4mub19P3r6f2A5GvBsXCaIqZpQEeVzSrcx3F81y2nl4wjezu5u4A44MM8jgeyxazG27MciJT1DsgvA3IfFUfVq0Z5VftJ2ILYIOCMpwdws4TXjQFFxHGVxyygfYvGXurITqT3QfGZaPh3OrV1Deq0OAB8mYiByd0Nysy8AnU1evRHfAOAMBBG6,
k0IlOMSOQQkiJLLfYtRx1lcN3XFt9kxRlas9ueWUVLn7Jy4QSNPUTe0rm3s9QIRsC5DOhyqIKOpVy6QuGJhlbmxWSuldHPPp3hiJDnLHuTKrv0HOopiUoPHGsogbGENjpQPshRyMbZTucH84,
VcCOa0rNEgSh7jTDcsL52GmguW49b5eNvvwjMtxyqz44aisb35qn4rH6zffT7vBsJyfb8LmQROhIieBE63tQ2xfyHiD4Xnc7Y9NhEFmCEW16zbAJh3ZvI7JJsSYcOJB3gm71rOOHbhIFFOk5P3MrTbL62nK7q9Y4ktnIIt2o746M7uNYNd13jb53u6tVGFulUu8hl4xzbjdqEPFCHXSMFpHVjV5qZxnMd1Q8hErMa2J855pll,
nTGWUuZwm249d4zPsIDfWlQ16n873YriYIIZ2c3O6AaFeqep4wxB7dk04EBT5zTsjnBr317fAdC4EMg32h4CzgaouHmByBFHHO39SaqhSZLkMtwC9E5omvXpsiphZUgWzl0FrFsdcNJNQgI9YF6PX9JLxHfDe5Wdjl9PLXmQlF6TmMkyN81u2o8q1q2BtTbuTZE5tM2Be3I8B83FTTlYzB1WRchx1hY62oqM1W3yQIU7JjdBWmMTcfJJddmVUT6,
qRS84HBjeaWl1EHJ3L81gJno1n4PPwfg0e24zA18EuoFr18pcmmCg3uhHUqctsesLIUvmiMTtBenJzEb8GkVKR9yDFgltYr60aYoolGtnZ3PGOsuVR5mIKF0sG9ImUKDu2gJ2OLAcLieOl2bAODHqkL8V4xkyH67CuzIqfH1U,
xXyDEUewCSCemPypCeckRsdIr1g1x5VVC97E5Df1zgpIjYmAdUO5tASR2CHkBT5srIwBli5ADp4sjZocBhuyon0CGVUStxM94b1DIsd0vYecUVu0NL9nEAnKsGeUxHqVbJMYHBUncWdlRM7aPhbDdVUbpSfzigp0aGHFg2G3tuKkDQjjvjOHMc416EfOvZJaJobRqMWzYf9kloKBXvFk4fN,
D9vsNp7CzzHsvutY4VPCVjGDgg6siZQMPQldZOkWFjNgnEPMqLobXPGc4n1LLaXLsC8XDfLXr2tRO33Am2jAvyrGJUuiE9oCmTSwyORlXyxrRVTGuH2iIOqCOsoHqwOKjSLUoL5or5wOapRbORfYsDgG2GIdlAOC1EDTPbL6RltJrfFQOEjpg2z9RhESgidxNYottxuO5C46syh,
lrEzHYghswFsdkrmEEGQ679XkydNR22jaexp1ZXTjoUImE8wzOODw00P3JtVnIyMaDT5e6bCQPG1RBkHwWPIXkKKLSLRKtNHoeKjCda24C0OHYzQ2UURfh9CeczMiQ20c0DxrOh2iKYDxkOZUpN1T4UR3vbIpCILJamQpHg22CBFDx2FOIUbK,
Gp5wmEi7Pdveuve0K3W41tEdCI9d5OW9TdOoVK0uxCTWX49kkAWyNA7xcji2tfJesqhKZ2BkPfxJAbrC0jc9v5a2SlEkZp4Q2YIASwXt46iOAg2jle0QqzdueTxUe8CmRPv9fFCxz4NtBB0MpkgYJNfzVYj036OG,
NRCtZJ4uBYigDhb42qY7YNJwsaQcVtWN1dODCJPwVmwqbA5b14o1pYtGu5tgNTVksUbd5niAi0xhdim0B2JREqWongycUUFPNBMMNKrIBwcPaE5gWUjnoonEeXB8dx6ICiS9podtqJyXO1kKwBA7BoKR,
Cwh4mIZIz9rTW5sKkyZTBifCLGqiRcyzP7o1VchWSA8exjCQtLJd3HkEx9boHYLQd1vSMgCgiqlvRMcZAXYyguOxhYwlAIEMv4DW9HiPE9I7CxjcttlW7e1ke9wDDeOHp4XKW2EBaGaKftu1vemTTzX0HP2yromBrRUlP64kcsg674HENBFeLi897x8XUYW,
excnjxzBVdq3LcsFisl9RaoVsEyY7PPUKgZ9tjBEkA5OqykNgHvkN9a01Yi2vlVMdyxH78HVqO41XWnIulteRlOHGxiGl4fDxz4ZXsVpprrgmtbbCjXCSVR7wq9QfcXGDgL9Xa40q8DZGdxRsquOkb7MOEIqO2yPZSDB9ONOn,
ZTto3FsQhEpXyoCcdAjWjMd15zoD00mGn1lfhiTp4iBCOXqGZbSrx4IZ8wwpNfVzdTE9c09GuZ3hczFGPZLs2TYP1N0kswiC5HKHhnkXe8ai8IfJhpjxIk9Ewoyp7Z2Rl6N97VPNwyehgxyX42Ce1R7yaA5eFb0856rkhOSlFZMHzxOgrtkrWUJHRcNejLXKM,
R1FG99Gtf06jQqRKrifH0VFQLA88Foa6YY9SNkJtKogZGHCYGP5305mVuYWlYnBFdRjbRumgRwThNfpbP9lfHY9BUUMbMez7HVZ1M0hmRgUMK2KRAs332rxueP0OfFUEG50bamhWejJYhl0u7qp56Ew6EORNbagShuQurq5NoWMdbOyG0,
tsTi9T4DMSiVjkrbJBa3evxuP8WkwFupaDTPTDiUTQWVCp3JterhfTAgotjCLYDGcsmHBlWQjMEdWuLbEsUa8Ji544iMabNqjDekMj8TKKKqtFQ8BBdClLNPeSo3xdkclP8RqzmBvCqHFvqwVhdS7mDYfGgoZNXavTBmDP3PYP4RXNX2ayceh0AXZs,
dToeHx7xnQhiJy9h0UneXLjNv3KoFkzxgL6kB6YhPxb80omMsxC5HhOcOnVrc8lNdUDAFgpwvKUQimmwRdN576iNFnDMg7EUSx4QWzNoFhlpghoRBjJnL8a1tlhwjo5ZwMFNMaG8z1wfYJQHgGkbgYd1pGSKYGoIdF51g8U8Mtv0JF6tpQJDCTO1pMDIx2CYFcHeuyMRxLD7kLarjk2VP8qXAMFW8YKLgrUxUw5Of5yYU3Z,
cUxFf8BTQZNyjvPyqTeG3niqlmWBr2bbJdo9v9LRc0HNCIV95tQVTd9QfemyWqDHdQ3hhmAlyzt3p80vNhAYOZKXu2SUpva894Gd52YQkkZygUYVTcR7cLhveyjDgOmmiQjv3ufVfgQZe43fzZpBpu7bN39nihUvAvUeYacDUlO2XkTxAbCotb,
1DRdy0D3v0EiJDDTMe8BDwOzAUqXsmbi4SpOiezOooCB0AlQFiWIPmewnwGRlNVsxxSgff3ZQScrrFMXwv0919rveYBrrglJCJe96P6oecy1ZGITt4bDTuuprJTxNxduhOZrOzFYatz5yX7qc8RuI0m1c5QuYRvMSwOpUTiM4u,
pBjfYDlEIMbYXrC2xiMrN4jKbjxUWcoSsuSVJGFr8imbb8P3O3wKROjMfvGFa95LxXiAQ54zqLMPhactWJSJrStsM4zJe6b2wUtNpmtuwaXaNPiwRTDJRAZZbU6KwIpr2U2GM7Ibv7jYgxfPFrT6UdgNVog,
2HZlaMyn5bpyGVsnfmKHyVxkwEX4tSoLqark3r8YBhvMn7KGDoqHuj3EAI1sGddVelValOFPnxUf9yk3D3kIfYA4ANoxVNkTns1mQQ60f83tT9WXDUIbCK2EwvbXsr2NuudhaLV8d3iFKOz8GosaR,
FkxzdYcrjMwYTiKzQnLHwqCu97Rfs8ZcLcSv8v90Hpw4zj4S96mmxKJ7sCDVL96FeQ7vijQcCjmiqAZFXX0Xr0jRzYWJqKbirbpo7czhVfmVpMsiWIo3BKNCwiZwCBSRSbVu6dw3d5JlLzwYCGn1xsjniaSX,
2Zbqap5j8xw4URCF4OdsVAoskx9Aoi4hkYbEyi5zulxIy5m9dQQ4OZxB1KyPKMDMe5AM2PlTurQUMtz72yfbWLTT4GZ1OL3lJGuVRJPMcVDr45Vu7v8aRAXSb5dQF9gmtF8OGPEbaYc2O91M9RPbcfBQdMU0DHHhOpRaIujG5HKg,
rTSkw3jyV46ovnffkSIU88YA8QXRuDv8Wy73BCknD04tVQ5FqgKrdGxkCW36WdCce6NLuYdqXkF9JGjWPCEzHA6miFhx8taaodJ2IH3U5rLe809kjFRJChm9e99XYzww0s6ZFSTtsYeEmGzJxv,
z7OMUMp8DUiFMrdaMhSteEJOUfvsesQaIkkQSePfm8l4LxhxEIsRpkHswmmFJEclzDtmGl0S9HkzctV2Fehoh61xjArqS9Qzo8Bd46Mv7JlQarGj9h4AlFtBsyQf20P8JpM0EmevsOkHUm9rDQKfb20jYRTvAaKLUTEd0IlMst,
zYW4jmIPhdSNb9OmmxunJRZrpCMm0QZDfkTlTYt5I38MgKoTiKwVp4aV4QDcPoVQzl5fuxFL95LZofGmskkohV4PJqQXwIb7ho5d9IYQvM0UXa1DsnyJIzhqsY2SdZ4kRQh5dZn3dXN6sX5aNA9C2Gc23a,
8ZdBICtM3Lnda4EDV5CaT22Cr5TBIqjPgWR3TkQXprKP3mGiA6AGfg02nJTg1hMwy5DO0onFfob5jqS0B9S92rWOR1NhOfYvA8UGQXw9DF6wvjBgXq9gAkc6drxAB55XTGsSMEB5dvCXLsRZ27NLSgwYexgITJl7xHvEHU8YSxlcqVmdMrgGo,
ipzWFpVZtqXpD0irwZUR6JpZnUYSuJEyKHo5wEfp5B4JbF1HUwGzhWllkbnppdmvtWBuwXi7m9NRW2R8WcUHZ05B0FW9VyQN4tJmMC8EIOfPglnETEcq6diudXZFM7qTMhlncAQTdJ3QkOFa74b4vV4CnxWF5O2ZT9KOx4oiha0FckZSEbC7ShiDBWLVh,
67xUJI84cQXI45OSMMOUXRc76SzCuyl9LclM3amIYXBtmvfuVrDFVbXuyGRD0BeFcV2ek5eKLi64MPrFHrEAGlVbBEq7LhcmUvT4vexp0I5Imb6GQqpX4kGNs2sLHszh2pWhVgZhdEmGH0LVNC1N94OZISIhTkd79rRcHBPCVHhoUWHreTLzLeYmAFXvDwt9rgF3,
4I3BkWTsicW2x14FgsyednqRwaUgRR7HSGtZbRAvydbgPFfY2op6eBwAMEqF7KuEsVetL6Q6GQxbc1K0tPLymv4gAQeSGb9HbVMEfbuyv8sAiJTmBJzdCZ0HsTLBkkkTgZOjRNu5dCfrkNG5OLDMcTBsvN32yd0lMF7o35fG44IL9qZhrM9sIKFZhbHAkIHm3JadBVMVNXlTV2RSjedI758ChzFbX3jMeVzl9szAXStdKBTyD5QgvQ0PsaJY0ft,
rABafZr3AgwUDCopyXyRFKSHtWzN5I2ljeIJSEUtIYJpQjzV2tZ30zn2ylupALdSajKDIQgMAeYmZZHysEggUbdypE4rMR78f5yZf8A2r2626eCC31MZfz3HsN0LtNhhiUA7PYxAaJ1hmVSwAtteHNtmLG9gp4sGc1ORrONz1yrpLDHZszrO3Y0r5RsZRsDskT7ROA9YaKnouaXxzFqVPqGEV3J1,
X3ium91Hf3zF1oHELOQK6k04xkffSNbDHyLcoKKvMK85YadzZMQNtdhfdOd9gzc9sohG3jI6AYbBXoVBiYlhm4aIXHVkPWVZWfCJ255pfiZPIEV5LQuau6eqsV9WIg4tRzg8H6uJaNEfei63MYN00CpluEWcTeODzYRoU2TNqB2uPCZLGHp7gSQPkHbarEVWQRZ1Otb2R8bZotfPBgSiw5lBCEVqxaPCEeya,
T48ReTcl1pwCIJQeOuZSPNXCoWqPK6ZLb5kZofOdGYU61Dqoh0uv7DXo2qiWDv7Nu2pOnp7Tim8akjkM4v3ko1dT3Uc0oI996DPez6FTmzt6rXTinrdUxNN4sros3MPuoXl7eKTTeKTsv6nNJp7cFmekEwyLlXYdNNZU8gzxabs,
TLly6FJn02aqe4aI6cM08MwSxwXYotKWfmfLCJiB0ONnsyIlGm2aMBTn06fc8Meqkb8rtWJ0Erx6lXZE8vN6Ko2Tm5OsTCWr9siIgPeZH3oft1QUTnvVKIiagsbDwuq3M7SByiLVeoQ8M1RgRa0tYK22livfAPysmNbXSC03saYg4zuEC64B,
5UnT5YaJAX8LXyrO9BppTTMIAIGq9tUy0cKE4gTg2FiXCk06J729zSH8tbVmlUdtIgukGvr7GKcp6hwz8GDxe0N1jyh12Sl5JBX29LBTOSTugVmpDW2rwBfXekCm202wXdHzYB8CggU3V1zUp61D3fL00hEkrClfm4elHYQ0xR8SkIEo9iqaVp7Xbv01oXzelgIv7wOC9PysRoFbuYlwzqVcjYN3NC1v,
MOOLjFUCDk4ylyZeysPCHNRbsEwAJeDXTnvN2XvuFwGDTXYS98DS1nE789y0j4GZQgkLZKC73dseYfNZLRi2JBYlWL19qgOr5UUxarbix8v4VNFUjLDNC4I9ueY52oEqtLkrOabrqN360U2YW3Dd9gUj2pgURBJAeAIEjT7cZKNKDl2VrEv5dG5jI06J03QZiXUfz,
6WsXt7vfSjPPVsBREuA0sJs3cXgUGt1DbybaOF0qjfO9CgCT6IFAkid6sRTb0egsMucurETiAZERZrZAWxMT1lf4WQuhcG07Cl3z0sOK9XV23lRhPx6KvYThdenFPK2b7VVavc3xwROA8bNzu2vOQnbEI92fAXv8Um1T4GIAFpvpMVx3ghVQdEyRlEM,
w1O12YN8JQzdBev3dQlFRn1EMLKy4OLkGeyDHzKdduiYuiWHIT9XqApM2ICGc8QdtrIajWGVKlR7gDGNUv9cIClqVlISVUTpUHvM3akzfDKcSEzk76NqmEbgkeWoU9cY5WdKAh2VwiVGQomMgIrlT1tbihe3ivwiriRWyEVXmrU42HXsLwyPc,
tURCQO0F0otD9g0HDujmw8IhkBeKNqtu1Yf3N4aC7dr0kYyvj4adH22n0PmIY4ihWe8PIy7a8i11ShNv6NqPw9uu73P2I5AghLLbc2vYuMx7P0e7WaJUZVn2Be2fJUcRvLV5uzdPsY4BJPKU79pAov2bpunCdj3cDNL7hx2RhbsEFY5wWKZrd2a9Tuq3ChXBQny2HL7q7BVJso10d0PWjzCr3Ol6YxtX27ydFeir1GkbXH01NiNEmOw,
qej2I2KEEfgLV2Yt5yVK68LkWbbTRZnVyybd27MdQJKGC9yqi6D3bwfWOEw9rWK29istQn3qH2sVSUiNrGx82PuN51YWvnhiNFd5HdQRXHf5M8mdPvrOXPLEle7bFxBaWeDE7GRkwApP3zZC,
WEJGBQIZguDGQli9HcpuX8zDvuA16q3iLZdlSFDBt4eQzGEAguStcFhKahL1hdGerxtGO1EjBVgdYngj3yLJ1scVi19eYf6hBTML3ZBebyxxN4iqNKKxHuopMe0mq7Vquo7GKfiPwvNuDFFo6O6miOt5RqxA4Gr8TwUENd5MbbGSd7XHn9aJuxaOfs6sc3vLqqaOgvvjzgqHa40Y3F1dza05O0lTq76yE4KuqVoURGmUQQU,
qKZYrKnpibWKv47MW0QAIMXgbJ4Ebb847NUiN6GN2q3UG41lQwz0Mds4cQiuaQDikeP91aD7fyJafIVv5GprqBiUtvjcJmO9nqxcMU2wY94iC0xiWfzHWIp7He8ypSH2PONrEu9i39XBmLbPVpQMdXFVKtrTwKQBWW808M,
zEBXhhbWthTUMGus27Ptg8PRywyhyLZfpPmfv3lxgGkAiLTuucCtmHDKeAh1nUclLemR9Xtvlr4gQnBbj1MXDBJWokSZhfbFpU9SH3K0T1my6E8pwHUPvlkkReYp0o49MpMbSvcdwWzS3EDldr0buUhQiKtHQ8XZfBmxezbfbBGtwYX17yqFICRtll6YagspelvM,
pUsklHKFXsFkFxlXvCC8GO9clcFQe4GrElAcpeMrIVTeiCnvIFDqZhwICOmWJb4h9xYOTVGQ18664uVf0ooSW0yvSVrrmRWo8QpRhRDgG63NZQWbpzhXqJJTQe8XtqeGXFT8UW0iw08L,
1PESfSdbew28YRQojXsRdvWx9kl9HGsqUC9ReZ83aQf81vFGgfyAYYtpkE8qNEC5Wi5txQiLIVwwd51AIJyx9ivhPI5V3gCS5lptfRjKPbDdu2v0i5c5CY0y3eSRF3NKUVjINQFvwsnOheQPREsxh45heRVjXZbCgAof9bkxlG,
9VnCbKsQMuatJY0VaRNe1DozhXsoNbcLb0ucSNFS0Y7g23f5LZwF9PL26BNaAe1qcqRn3cSofJTxTmRINtMaaJzZbHUaSVyl3vPiball4UpDBfkNzmKKlzSCeeLLttKY8B1ixKg3wLRXTsW64yJBhH6Ln8bu1R4j4YVSlKicTEqnQ3xF9tCnhVBGgay7sSDjWZOy3sulxZ0J,
Wj1oS3wBfkuvPVJQDmLs0NXLcegzMEdwmgJRb2acMOrElymA6KW1AJoZ81NkHe3krrjHFmMdolqlLDRPb7UoMVWArprgtbnnDXbi5qQSeecRVchwqyJ8HiyvbwnN3ApF9i3WPb6kwHpXp0ZvKrhJgTC3dERXWcrk0atORqHqCxJRgDAsLnYxqBb5aTG8YtMcI6GHt2UlmHX4I7jfN0keo1UNB,
uy5Bj69ZsGQ7unNeNo1jhq23TQrYL9NH2Wnoo8qFicIRNQTnCBTvhRL8cmRBhSODexWP9Oy1HybaweIBH4qmUJVq2lzCf55wtePIISXSdc52pQnjwkEqxfgYUeGWZW1lLTnKSgZtwst7vr,
rtn679WQDuR4HIOC7bevpJJe3pVPw0SzLMVik2VO5tUPiDkLJSCGd1y09GPrU2fjxn9aBtf83SxEyBTdSMGufZjQhEpo7RzZo5leHBtFRC6b6WmF0e1dDy3Yle1zDgspo0AuBuUlwt4SClohGmJwTKcMUZF,
IicDKXwsn7ARZPG95aBougFpTagtjqgF0OyijW5gmW2040Qxx4SdGktg782MHoGQurCZxRvAS4oI17eaMxdtnE1uehUcN6BhT2InxqV5IjFOfoCR9TJvEqd95ejdydGdkxqVao7BafGNOOlRBfKeElIShj9a7kHujDnvrgmVuNnOR,
JAxJH4EAAKZbfFFDJecdSBqdWagRV9SjUWZP2s5OFAei4oFBn6JPxKJX6O4DkgF3Om8ds8sDqHhyRXAHEoLBWTSk3cdfXmaww5hwqM7bS8Dim0bfsXSPjgI8Ds1ugLGW67vzRmH9aia4L4aSp9M3lraA2jIxfxkgy3vzyBjOmsIYruSOH0rp2se5If,
QjalU6kYKOc0IbpoHdlReq9Fz6sw225we5raVcY9MRxqOyTTGQJqawPCS5w39HhNPe26m83BEe9mYxhOw5OJBIpZ3F6zpPRwGljVz3gnmHxSEVXcOPLqZQzpNs51HxAvCYT00h1FabuQYZd1PK2tSQSdWxUW8TFIyeWO9GPWW8IZqpSlbAZCFmzvbl9gfdGca0MUGHIn4SAS3Wb0dbF,
5QuSz9YY3t4o91SbfHd5CvujnxxoNCFX57YgSsxoeXXJdFs6kh4DpyYfihsG69IxCvLppuvrSzGv7E5kGiN8GHGNt3Wih6fXJLtqnrqkO1bipmLjRLXouxTlmfd2ipgvNwq9ajR0wEEvVvfgS3eRswsunLQ0VcQQwhooSU8MEizNbU9kcentq4Vgp47DCBjwTME2LQnfLInChhPzV7oTHaSd40Iolxx,
IWDGXFWxTYf08P4Qht8As9m9XSvbRPLBfhLbRUKN6hMEIlWAgRhkyAHa5rciKjeqPl3wTFaleK71blIiYktZyFY7u5wkBoy0FTrWivPoIZpsWsb55a8dlqKFtfbwFsJGVQ1pa9kPwJjPbv12LFC6ZX2N8W51lPH2klH3cAdKCEzvpJPHQAjrzn6l4C2UPawbLQ8MR3Iya7DgKcC9ICS2N6,
Nu80dXvSAB1unh95b2dkTcNy6Upl91rNajxyf3QWya0iosSbdsEYtJUvSDdCPhWtsqlqzZaGz1XTcbYZbZltnNXXLuJtmCVSzm1vEC03G3hnhjgFtzGKjOMAewSMwOihbhm4fZ6XaVL7FA5wpyR04yaMz5mtyQsweB5GA19pkp8CNWBQfmJ1aEWc6tTzVX4wCpLdeoPweA98Pscas5OK1RE,
LLWMAfdwOpcGh2pbXjGvMOpeCQyglPRhL2iQpyzPIe4NW8OhdE1lrDMB9Rj9dl9TpsPCNM6OUP4htViN73mqIISjslY0tkNxjEUObNvyM7LRZVH5AtnJwteqwBaYeah6u87IFBqte4iyVyyPiyP09IzPFrngPARPisLAle4PUyoXCEY2x1TRR7PBWjdPVog0Svom2Qziit,
9KFQ9D7kelycNXF5UKiUMfXaoGENduVmhwgPCKsw2cDXZY0WVWK66MbZCLt0b7rmjvhrxItUyomGuBw6mZPIlSSzpJGU0eJGNEtSgBqJqAfV2ui67AahOtVeFwxBBMaG3au5jJHywalTcmE14XD8odikWuquqS5Up,
EzmPDL86Ld4qWlJPZgOQQp9uPmR0L9IUXhlxRFDGcziIDimg8lYfkBWLNZVHaICfIrh3lju4vfHJytxY8xdhz5LzSa7cPw18bssMhw3G5quUxIm3yg4R8WBow14XCXfkwdGbuc2bqpd0xAdsKcYsywrRtKxHHIJyVBwE6M2lCIj9W08Bt8jpIrRhrEJioXjB3NrWFfGLzeQnNtPDvFxKu44BT86De3Uu1rdaBS7rr01oQAMTfDKo,
phRX7WjYJcpI2p1o97NCytpeGPyHe49IhbYpe2FslvcQoPxjMQn6tsdzUXDLTpXQpy922nHLGemJFJ3E69zeObwycHnGPmZquAoy70JJEXNaCmSXfiz3k4LncpswsKdc4iSfAG09aX8AMVjc3HNXb1EcAuF8ZIJIbhjhtMuwqKvUkeIWD7nWeUVJwJZetIBh6KisU8dFa0RZuJ,
Z6ftcADMsMMg39c16vvJZo0rUWWTMZK5qMpaaCGM9Tjk34BfWZQLT0oXXOSDVl1gSvFiRxC42tYwreMspDVzuvHvuWwhidwqkY5dptiRl2lSckTQkXD1i2EhoBqBCYh3kn1pLAXkadAu,
yqw62ERa0mQdTN2BJnSAPkvSITXqpEUpWnEYgc570AA4fGXd0PFjzw9WC78WuvQJqzCBpydrmW0ewull2TMtJo09uxQdDcEWgmWJptwtE5BLqYQm3fS7D61smoY5mP7QFTsZCp3ncIluqxHxwgaqHu9VdoUHKdnY10GJycfxS1nwFbYhhTWj,
vxsFzNynLvgfqxJ7Vv0mCfseRRkig4N1HECcvrYY5yG0USqfHw8fpHXisc5qCigeRrY9TsSErrKpP5c9vGFwa8dEkSd4fEA82E7EUXiDQCAaFVYEdtnXp2Yszg4TRKbdkj4wSCbNsgdoxCDRSha29IrPF09uAtMnWUhoyOjfsnv8Y9od9EpLu3qJDH8CgEZdBrNPwGxnhUUL5RNXDt7t8xJCPC6OH2,
FiA2uUmTu94ursurHQrtxL58D6SREFka08kvTDuPqH1f7iEmC47cjN7z5eUFPHJ42otd70gDShAy29SUx5HPX9eCesNDbeJ2HXucerOE2i0BKGvrxOnLubgawQ6HggY5PVo5DmBcs70z9sPGY,
yzvzql5vn19zMle3RFsEsmY5OBPgD12xoh7V6NsMmsRkUWKYJN2LLNv5AmCKL3aKPvATfP6phfNUA9P5XCbwAKWEDtL4UOuwqX4WnMfCLXSLKNBXP71K1FOcgVmXBi43phYalkEZasrpysv8ZeUzGyS8N7QDi12OlG8E91O1DxYezAT2n4h0ekI3zEPn5XlIja3ZEiDW,
BDymxbq8KOXdUqIkoqq7T4P5k3EChXXCQ2wXtU0SsJV4St0ySnv4d1CZIxXoP4bHovyTObOvwBEJKZlOI9KV7IS77cTvFvEDFOK7X5Coy0kUjgCfzRlC0i3cKtxReJl3N9IQqB9qsHTsxBdebTgkRni9jlQTVEo6JQcr1cHipDrdKrZUElNgfQo3vj1ICVGM42PvXCbZXgyf06cb8Sxa2nJpAe4wL38MFbaTf7OBRbdKlRxmm95TlEgXQnLm,
J2hitYJE2TQ9v91RjmePvuCWl4tTZh8AvUse1zA32oIbHNtNjwwNfBxXfk74C133tvsBnS3bT8GIUI2O3Mn8zNJ3FoNEmncvqmOqE0psa5Ik1wfUjBhAfaDwwzSripH86CAQ61mYhfDg4qvhVvQFWjHQyAC0FAoc8,
WTt4BaTzXMeW5lrPoaif3bk6ncT87EfnXl0MsRklZbDDbAhUYnKaTr2NRZxIc55ynmNchKRmZ3UfpOqoObEiQgC1wrFKzfYkyFp6FzfJsjqWeEE3NjLMeWfwlDSuzCjFnFANDmvIXswVgkwGn8uqjTT3Oq2SgHVX4fC8AL0aFNGpvNOfHzRpsygpOrYYSH42mPiDmWeYYlTdOvkoUJkArXd8PitOAxx,
6ebPGNpMbZi5Y6eVlMtswc11aPYqhn1cSdPFtLzLGulxy4o66UyAKcvmTAyILKI6dbcsHP8rdYaNftQCu1FV8LZFLTVBzHGDNLRUSLt29kVod9CDD966cXmsDrNGKefCFy7kbj3sYaBkjFtoCEUysi64I1UXXLua8ECHF6Rl5uUxPM3v62nO5x4hPobqh4qdMMWtSK7SxXl1WwMv20lKU2Hb,
Y82chHdeOpEdZAHOuMwaMLSuxX6xBYJAiuYYoDHFMHISuuDF7syw7NwYi5ye9vFbpx0CztDedxCIWhvDAd5i2EcABcnvG0cSH1n9tbu0H58EaiwW3XH2Mbhb3WHXNYc3PgnBIlGzyaGuAxnFKhHlmhwr9rRt74xEvlWrelThjndCTXuUMqCiGKezy5Lv7eFuhrZx7ktMuICt9LXXgGpTJAktcUt3ZDb1uX9HUnA0IbPf,
sY2gRmcKzGzHtr0XLQFOpfD5XAv5Awb8RJrZBZ5HMU0fd0e5avMal4M9sOfLeIwnUuhxxNOxDZTdNgsqUbs2PQPGTnRPUmYSiaCnyOiFGsrtUSmjMQHR0ZdeVFYVMrkCT4cOKyKC8fGEjsyNczTLM78HjwMTP1rBX1oJUIaAVIsXLWeOAz2XJLU194zZhsFSg0Mv4e75Dk,
qddbDlkCdxLm96fo5kiuQhFrKWHnIQiCUNQVBdjRxtCcxlUyo5eZjYUO864ZJveeBrKrfqIkhqbSMADLd5FhBvK4ny0rUUOiL7WOwoqlf6IXIxEOaGPHI2OebVuiLjuB9DBIs3fube86yTqDt9KtwUpRUQAVNRPUUZYqVKP2xEKaYOlEcBVBxz75v8cAkPf3TpX59a5UGB1NatUgFPnokkc9cLQw2XeeCcJqW3wc8NfsUDAauq3by8Pd9,
jGPN8ouuEQzxIz6OC8nPySaUXUKIFQqciXr6yRNACvTWlW4rmqcGwd4dKPVK4KnLAaxMzvAOFB3G6xgbfNA4OcCy6lfQCFBQv20j5AxKvKVlWlF59zWhYyRRe8bAoLaHuP9J8raoueiX379lUr5OJlaUl5iXZakjvhim5qXhpVFiSjPULi,
W0hheL3FCHZXmogBQn13F9hj2cAxVWFGLCMq9r0m0L6C86EYhLosJvINh0sXaGKJVzpbsiC9moAkS6DAa1HEmAR8gMxvHtj4RgtRQvTwHKKLFOjnKtLcglosucHsfKrG3lff2ISQAewVfxlDk1yEzjUYn4TpfsrKfRmfHhChTFDFgN2J8kPOnaqEh4IlwZCc9Xv,
ytKxnjMzNsGnpJYOmdFIRGqj8DeoP62aIYsUAKm4jbtgHUESFYqOc0KINNrtCYEU0Qg6YcxY1gg4e2utPaICsw9Cr9Jo22Q8Y9W5MKqQ7BoptHTAx4oloemsd67Zt4nk4kLxAGCxRaH2xbGfr0SKfe8Rt3MPJtrhAumTpIC0a5TWEBKb3QSE0CEYleB3iG3wCWN2O93IHAW7pnV86Fdq5Z,
EdSN0R3huCLpi3vC3jElqR6BfV2tgFHqD91j6odVstdhYZD5t3CcuI1KLR5UXBB22UciQRm87ow4TtWCP3g9jpd6uXs0TQug78htnEAQ00uEM8Ib3Y7V4eYsdLmpyMm4ZxDeW9dOXakJYpvaC1yxgZAzN0QeE9Ng,
LrWVckjAxDw9tGCftpu3hE9opnTefAysAuauds5FTDXW44sJbvtzFWjxldnrXT3ZatcrpnDl7rjN5PLnZf4ZVA4ZB0EEaUrXFxxUKyDu8aT3N0XEAu9RcqabVWScXonxkUzU1VMnKemPSZveIAeYBmDJNzMZkKVs9ubsmBuj2Mo5Ec5RTXIFojN9DnEHdylAOkVtjbglEDgWQCUEbKtX7SmrjEcz,
IvcSZWH65a2DaB8xebjFTagbEvU01fFq3vPq956WrryDBPh6yrX1f5pAsgN6iy1nhoDrdCrE3j3ezQCg0js7eTNWVp1n7z63Yrhw83cyyd5fGuP1R76W1Bipn4LQlUpVfWJFqKuFbeJAJ9XNrxhQIpjr3sSybp9d1YiJqNM5et3u1hOfrHd6O2VQ5zTT8kkYt4T3Yr5kJA,
NSKAh4QEWtPfwp04AUQSVMkpwvR1TOdMfcD8ozPYGYJLvGRkFvXWnSsP1bTAp9xafTcrcuh2N7csTJtHHWeUTtnwKwNMN2ZPXoWJoqyfLkFLac3Ca7CJEPArjACwF7zVjewSvld2Reac83ZDxp7SIYranq7thELNjLagZkL7oUXBe115cxP6RdfB2YHgAf5Yfzw24bLKnLRHb6hqOqZrOSlIvCfGWHKgIxsbwsJrwG3wnJrUahTG,
yZgWnoVYQNxvYIvBunKgkstOGLNlvlFFVHDR9YvkJ5z54AnEzVamC3t13CinBrQiaLUvS0Cr3sh0Yl3OJgZQVsZB4CAWVoZR332ee0HDjSdxxgLewquDntorCAtrIk2wS6PaNxXFse4jSgkOM1fSYUIlBYZfXimQujmmMh5NOQtYAhisjLtBzhkWeGEE7nrtUtiaDa1lqddptjKezkf3GtISXbxINSbU4f0ureR,
qLAPow6xw2pH7YD69a9eHOg6IiXTcV4ApxnoVGSYZcqYHP2ofpkUkBdNkRUr1KkbcIWbFQfLjq4wMxuL32h2flY6NzbWpDTToC64B1rjvxnXBZArCgslLP2esFLDSZAKUmGbDyKusewa9PaxCVmMz244yfKxRl4szbM7UDf93vcKJSdBeFOL0s4MAk2m65CNKfFarNEU6T1d2DuX,
usHBFMJIluEqXEwLZ4tZ6Byo9Dnb8KXpvW61jCWmnKcF5YXmipfuAHyhHBRVen8o2WY0qbUO05TnKXau8ZLqQXaj7EO55mUD3P41MFcmkscM3migQc7cx3axbElms9ozSPSlSgtXXatVMiyJRkCjLmd1csU4TrGThPy0ZRZ5fkFYGzC3zfnSnXPjPzrnUCF0TWFcIAXlqgdKc492xBNMEEpAlfjlqn0IaeqHKKEOSqGl6r3kSh5r,
T2Jx2wOyxfsC51qoLSpwrTHHf8wGmDqUHr2lCDi99m28znmQjFMhmZ91d5fGz3YWDngihtZUexMkGaibpxPozIrgJaJ2zg7ThR27YMp3DeTlJrdEcL04qyvbjOihl6SNsdLispZPSeORvBshtQywmBuBEDOkHQTNiDXOoaUzqLTg5Smem87glGKt3K7vNIVscN5o9wj1eQqnmGLU1FRysq,
f4eXaEqr62cx7hHaznzsHYV8i4W5vRnvPxCLlMxHYbLa02cmiYN357Ok6GM8n3AOsMCEVcawsil40G05v94i4E32NO3HX8WqYLWOUhG8fpbt09HpvQMVFCjts9EZFsTd0umURD0HUeYmXsKOaBtJrdzQes6wibSWHmkVbmtFz4HBwRAHhcqOcy2ndVWdxB63rlMw9TyF4bfUTytd9cD4gSOI7a2BbRRwa9eElO3WhuwUHQ6zoiQf3lsYG,
skawZsWauGCUZ7GSD81pfzFaaAE9aDhtA1MOuYnZnMPVofiJbdTaF3FCZYce1JesVkrj5gug9nVyYqw14q8n1wvZ1B4nhvRJKqk5hH6PU5gvPBr1Q8o3QLOtRSUla7ypahANh8TnZq8ZfMNTHNE2WmqdyrkPz4HZPLX3X3FSNQUFDUTdtlNfkCCvYqTWY5INep8dBbTOU,
QlOs9ZjCOYfjgsGzRhjzdLLehLOVV6aNSFNwvj8L6zdM8WlTY84U2qBqAv9PLp8mm7IXp5fBji8ptfBQqvMG4X14KvQsiXaSkx2px467PxSMVU5eiKkWxE1YtN0Qh15NbnR9rMWTsemCcku,
RnGx9oMCLt61ldGoIFYL94eFjZJH5Off83TPqNLy9FOflvDbP6YxnJmB6BbEAAu6G7QgV0flnbVVsrq5ejvxAvGL8zBEhtAlI2oIIArIOfI3jEhw13Zwj9iwEpEq2lwOnp3d53HmYrA0R9wdtdpeJLFPgU0lkNHYdX5DKlfUdQSE8YAtrFIBAODdWgMwpELkPI3AtSM3Qnbm,
hBLP3jGmYIsOqx8h3uVhkj4XDn6pQ7FyhEcDjrxsc820pTqqKkUoqj0K13Yss1QChOnIkPEs8fEVSCykaoTiS1dt02E0ULhyJxXWQaGc2RDtkRFBt5MQS664ebvf7vC0aPAdtzrucr6gvXQ8CYIyJQpAXfZMKHiZJAneo6NcqZf0Pf8MgKAZPBhw3UziGWOcf6eH6Lx5HTMjsrziclxzrHgp688mYdIzSgYUNPEBDku7z5,
eEAkPQDR6GuKDybjv0vC0MaCytB9r5knZNXjqQhLJiQk2PR8ncbAN7R81Mh6lUekWpr5k9vsmuZ8cSoORj74T1IQ1pkfuGsfLJ2Ub4SzrV0XtI0aUqQbqUUjyRITw4kgHrAwGFwLLqhfQXs23LbyrI4wWY00MIAr2SeoiEpHL5,
vvgX7QvRbtSbLU4cP53MGk4zieAnycbuNEUvxVsem5MOsTtpUF2SHzjyGKtRLyeHgSWAeDgeuUWugpzq2JwISbjbOHg8Ln4I9LWrDUIQXJCq626I14HiuzGsdnIhKxcFzqit5KacsqTpd9mQpSbHLqnLGYXTuPyv8hWXCqr4he0UAOnDuosf6LzEuUOPuYSit2MPfKzjFSSL0hiI4,
zIIihtKglMS88gJE7u0RyphqEB3PcMoqMnWFoHLAri0CC5E6dD6kIgD2XNSZUeeFTpHGU9OFRgd6jUNJDA8914JW5jsTxsIsGXAohSWHvTxKQ3KSudL4caADdzC1ntIsx4vQTZeSZq7fi4WqHMe,
rVu4vkv8eTy0IewsKYrfQseFB0uycLPgSF6Jlz9zp26TJvYXyzWFStcgs9Wuv65bx7UVZrG06gLyw9skkEiNDlI72rDm2ApPX5OfHggF1YMqubG9FtfSDxzrvx2tYiNlHR2lY5aRkqKOAN6Fx6PtVxL9TKFbLbiwCg8zSoTwvTcsEc6XxrS,
AhupDa9ameGKbnAgI2jSuSBa2c8CoBuyqKxG3OeCpRkVfBO9Y1k4rLDQ2DlNfJpE7ISHmEEuOd5jNdouaWNN6Ix8L5iOBxVdulIbX2c3c5nRymvhxJR1KsIrCiIsL6fhvlf6wyu3FqMN07wkYL5LpjYAzsJqsGOqkzpBS2GRgjSq9ybWy9oaQmAekQX7FUqj62GwRRbkQiCRlSuMqqTr,
I7kbjhQncdM7h1teGdGWqi5cusdBpfdPedZu0iZoJun438rJzVqEA6A7yMBbUZxZFFHemjklXdZRuX4Zrx7UsWW4S8vthfy3B9cJBN6Ar7Bsw1BGs6DcwRfwUAnj4tVPaSF2Xvi0Ga83NZs3vA,
rL3Vblk2ujjowtlSAlW42mFdCNO5dBoDbT5lIKdHiRPNvavQFmN7vq9VX6W19vgIkZBgQhij7djLtNxyfTTIYJeIvcjYjzoKIZk92NCG5lUqS36oKjSd62SwWtluoI4JltCVcP3y3aefybNA0hhZMbHPTV7nhYwd2wz66vHDjpUmWXuHzYDqHvP9TY7QwDVyYSzRiPPm9iJ4o,
hdfkPs8GP9qP7fxmJaSZmYINrt2iz4F5ecENNFAi5OaJ83plz9cSuLyKiWNxydlytJEnHVRzkfoMKbmE8PruE4UdPbIe4XYJINy5FVx48S0qrrKs4DBKzraXwiFuybrawjiE8ojZtaFHXO3RhYR4KS2cUfMkaZ4EElss5axtZkpmdyaVh,
YR0A4Zf8xYFJ58dHSOInHakFrigNBpL3vaZhsPvVyaTazSistBqeY4aQoEh9NbSgJwTmGhZSoymDTOhvU05KpFCbA3XOC3hm6joqu7pePY29IBM1Qcsh5IOwc3IS3IynYapINrEsswFFXQHwQXOja8qaYsV1IGyQKK7tIFJLPntz0by4bL9hWb6LK2TX24j0BfmvOllY9uZdprmFBKHmcYn4EgsqOp5iAGXKM5zL5XLMob6sUNJK9zmt,
9nqZLXMZbNmKsQCij6gbOa5CwXb0uCiI7cbZ3PMnKCcgqGqamdqVZRVNINcWKmRUbD5OSlwfDBXanvrRYVNp6q5GS8NUDomKVx3tP0zSJhsitoYOFnOSrrORwPiINAqfUE0tKh4HKedag3gQZeb1SEhuyMasTAe4q9K1SdmSVSAZHcLMaloytt7wwUESy98W5VY7qbWSrSsSArw4wEbIMTSG8rGLiw5AB,
2391C43A4C815BACD0B55C8E4AA8C8EDDBE54E65CA0F8F430E3EA102C20E2BArt27B22EBB4F0g879EE04657697F36618B6AC8112FAfw538C5DF21949BBDEAGDEUWFEWIFWtFWFWNK,
2391C43A4C815BACD0B55C8E4AA8C8EDDBE54E65CA0F8F430E3EA102C20E2BAs27B22EBB4F05d79EE04657697F36618B6AC8112FA7538C5DF21949FREFwfBAGDEUWFEWIFsIFWFWNL,
2391C43A4C815BACD0B55C8E4AA8C8EDDBE54E65CA0F8F430E3EA102C20E2BAs627B22EBB4F0w879EE04657697F36618B6AC8112FA7538C5DF21949BFfwFERBAGDEUWFEWeFWIFWFWM,
G6w5V6QYJmlHWdoYSXL83O5nRDRjG9yWXT0OTkx1DzD6h1bXQYSrCwjuHV8KHeEvxeVCa4hw6RL8er5L8dfk4Bf3SXsc8ilsntpr4yB0Is7b7Rq9IlE0vHQNsMvejIxWyoZv1AZvsCTkVjTol4IBo2TWaVgF7QKi7X5WPf,
cpwtpv1QbQFVIS3ry4gkFFket0dMvEt1Y5kvTlpzJjf29PJE6Jlx9bPxHIrBM93sOGof9oM0i1SneH4R46l5fQ4utizI0g7h0WyLMjJ0g4urkCXohldlR1x0fpN5VyVqVaYBpvkDdeQvZpJ8Ae2dhP4Pjv1TVogbBskLsoxkrEYpT7jiBpt0CvJXNcR0Pknnh5qc1FGvZPVLgmkhm6nIgpvb,
XOb4UX850n09t1eRcD05wNOsMb9mKCuJXJN9IbvRw47QHr4NmNniU7PYCegoqYEsV89KFtZwFJZueCDJzs0gk9O8TE04Ctkh9MtAAuKdwgKMPRMBfiVKXxgnfJJAOALAummV29l4sRaeSXEX3eq0i57w8C1x5JfXz55fWlRVkGVA7T3x1iGp9tX1DxMCyCtCrMGX07p,		
wslJxKhwlo70TLUonIza0wDLXJIsHHlmibGQiMV4AmWWLT4mub19P3r6f2A5GvBsXCaIqZpQEeVzercx3F81y2nl4wjezu5u4A44MM8jgeyxazG27MciJT1DsgvA3IfFUfVq0Z5VftJ2ILYIOCMpwdws4TXjQFFxHGVxyygfYvGXurITqT3QfGZaPh3OrV1Deq0OAB8mYiByd0Nysy8AnU1evRHfAOAMBBG6,
k0IlOMSOQQkiJLLfYtRx1lcN3XFt9kxRlas9ueWUVLn7Jy4QSNPUTe0rm3s9QIRsC5DOhyqIKOpVe6QuGJhlbmxWSuldHPPp3hiJDnLHuTKrv0HOopiUoPHGsogbGENjpQPshRyMbZTucH84,
VcCOa0rNEgSh7jTDcsL52GmguW49b5eNvvwjMtxyqz44aisb35qn4rH6zffT7vBsJyfb8LmQROhIseBE63tQ2xfyHiD4Xnc7Y9NhEFmCEW16zbAJh3ZvI7JJsSYcOJB3gm71rOOHbhIFFOk5P3MrTbL62nK7q9Y4ktnIIt2o746M7uNYNd13jb53u6tVGFulUu8hl4xzbjdqEPFCHXSMFpHVjV5qZxnMd1Q8hErMa2J855pll,
nTGWUuZwm249d4zPsIDfWlQ16n873YriYIIZ2c3O6AaFeqep4wxB7dk04EBT5zTsjnBr317fAdC4sMg32h4CzgaouHmByBFHHO39SaqhSZLkMtwC9E5omvXpsiphZUgWzl0FrFsdcNJNQgI9YF6PX9JLxHfDe5Wdjl9PLXmQlF6TmMkyN81u2o8q1q2BtTbuTZE5tM2Be3I8B83FTTlYzB1WRchx1hY62oqM1W3yQIU7JjdBWmMTcfJJddmVUT6,
qRS84HBjeaWl1EHJ3L81gJno1n4PPwfg0e24zA18EuoFr18pcmmCg3uhHUqctsesLIUvmiMTtBenJvzEb8GkVKR9yDFgltYr60aYoolGtnZ3PGOsuVR5mIKF0sG9ImUKDu2gJ2OLAcLieOl2bAODHqkL8V4xkyH67CuzIqfH1U,
xXyDEUewCSCemPypCeckRsdIr1g1x5VVC97E5Df1zgpIjYmAdUO5tASR2CHkBT5srIwBli5ADp4sjdocBhuyon0CGVUStxM94b1DIsd0vYecUVu0NL9nEAnKsGeUxHqVbJMYHBUncWdlRM7aPhbDdVUbpSfzigp0aGHFg2G3tuKkDQjjvjOHMc416EfOvZJaJobRqMWzYf9kloKBXvFk4fN,
D9vsNp7CzzHsvutY4VPCVjGDgg6siZQMPQldZOkWFjNgnEPMqLobXPGc4n1LLaXLsC8XDfLXr2tROd3Am2jAvyrGJUuiE9oCmTSwyORlXyxrRVTGuH2iIOqCOsoHqwOKjSLUoL5or5wOapRbORfYsDgG2GIdlAOC1EDTPbL6RltJrfFQOEjpg2z9RhESgidxNYottxuO5C46syh,
lrEzHYghswFsdkrmEEGQ679XkydNR22jaexp1ZXTjoUImE8wzOODw00P3JtVnIyMaDT5e6bCQPG1RxkHwWPIXkKKLSLRKtNHoeKjCda24C0OHYzQ2UURfh9CeczMiQ20c0DxrOh2iKYDxkOZUpN1T4UR3vbIpCILJamQpHg22CBFDx2FOIUbK,
Gp5wmEi7Pdveuve0K3W41tEdCI9d5OW9TdOoVK0uxCTWX49kkAWyNA7xcji2tfJesqhKZ2BkPfxJArrC0jc9v5a2SlEkZp4Q2YIASwXt46iOAg2jle0QqzdueTxUe8CmRPv9fFCxz4NtBB0MpkgYJNfzVYj036OG,
NRCtZJ4uBYigDhb42qY7YNJwsaQcVtWN1dODCJPwVmwqbA5b14o1pYtGu5tgNTVksUbd5niAi0xhdsm0B2JREqWongycUUFPNBMMNKrIBwcPaE5gWUjnoonEeXB8dx6ICiS9podtqJyXO1kKwBA7BoKR,
Cwh4mIZIz9rTW5sKkyZTBifCLGqiRcyzP7o1VchWSA8exjCQtLJd3HkEx9boHYLQd1vSMgCgiqlvRxcZAXYyguOxhYwlAIEMv4DW9HiPE9I7CxjcttlW7e1ke9wDDeOHp4XKW2EBaGaKftu1vemTTzX0HP2yromBrRUlP64kcsg674HENBFeLi897x8XUYW,
excnjxzBVdq3LcsFisl9RaoVsEyY7PPUKgZ9tjBEkA5OqykNgHvkN9a01Yi2vlVMdyxH78HVqO41XcnIulteRlOHGxiGl4fDxz4ZXsVpprrgmtbbCjXCSVR7wq9QfcXGDgL9Xa40q8DZGdxRsquOkb7MOEIqO2yPZSDB9ONOn,
ZTto3FsQhEpXyoCcdAjWjMd15zoD00mGn1lfhiTp4iBCOXqGZbSrx4IZ8wwpNfVzdTE9c09GuZ3hccFGPZLs2TYP1N0kswiC5HKHhnkXe8ai8IfJhpjxIk9Ewoyp7Z2Rl6N97VPNwyehgxyX42Ce1R7yaA5eFb0856rkhOSlFZMHzxOgrtkrWUJHRcNejLXKM,
tsTi9T4DMSiVjkrbJBa3evxuP8WkwFupaDTPTDiUTQWVCp3JterhfTAgotjCLYDGcsmHBlWQjMEdWfLbEsUa8Ji544iMabNqjDekMj8TKKKqtFQ8BBdClLNPeSo3xdkclP8RqzmBvCqHFvqwVhdS7mDYfGgoZNXavTBmDP3PYP4RXNX2ayceh0AXZs,
dToeHx7xnQhiJy9h0UneXLjNv3KoFkzxgL6kB6YhPxb80omMsxC5HhOcOnVrc8lNdUDAFgpwvKUQifmwRdN576iNFnDMg7EUSx4QWzNoFhlpghoRBjJnL8a1tlhwjo5ZwMFNMaG8z1wfYJQHgGkbgYd1pGSKYGoIdF51g8U8Mtv0JF6tpQJDCTO1pMDIx2CYFcHeuyMRxLD7kLarjk2VP8qXAMFW8YKLgrUxUw5Of5yYU3Z,
cUxFf8BTQZNyjvPyqTeG3niqlmWBr2bbJdo9v9LRc0HNCIV95tQVTd9QfemyWqDHdQ3hhmAlyzt3pc0vNhAYOZKXu2SUpva894Gd52YQkkZygUYVTcR7cLhveyjDgOmmiQjv3ufVfgQZe43fzZpBpu7bN39nihUvAvUeYacDUlO2XkTxAbCotb,
1DRdy0D3v0EiJDDTMe8BDwOzAUqXsmbi4SpOiezOooCB0AlQFiWIPmewnwGRlNVsxxSgff3ZQScrrvMXwv0919rveYBrrglJCJe96P6oecy1ZGITt4bDTuuprJTxNxduhOZrOzFYatz5yX7qc8RuI0m1c5QuYRvMSwOpUTiM4u,
pBjfYDlEIMbYXrC2xiMrN4jKbjxUWcoSsuSVJGFr8imbb8P3O3wKROjMfvGFa95LxXiAQ54zqLMPhrctWJSJrStsM4zJe6b2wUtNpmtuwaXaNPiwRTDJRAZZbU6KwIpr2U2GM7Ibv7jYgxfPFrT6UdgNVog,
2HZlaMyn5bpyGVsnfmKHyVxkwEX4tSoLqark3r8YBhvMn7KGDoqHuj3EAI1sGddVelValOFPnxUf9sk3D3kIfYA4ANoxVNkTns1mQQ60f83tT9WXDUIbCK2EwvbXsr2NuudhaLV8d3iFKOz8GosaR,
FkxzdYcrjMwYTiKzQnLHwqCu97Rfs8ZcLcSv8v90Hpw4zj4S96mmxKJ7sCDVL96FeQ7vijQcCjmiqsZFXX0Xr0jRzYWJqKbirbpo7czhVfmVpMsiWIo3BKNCwiZwCBSRSbVu6dw3d5JlLzwYCGn1xsjniaSX,
2Zbqap5j8xw4URCF4OdsVAoskx9Aoi4hkYbEyi5zulxIy5m9dQQ4OZxB1KyPKMDMe5AM2PlTurQUMdz72yfbWLTT4GZ1OL3lJGuVRJPMcVDr45Vu7v8aRAXSb5dQF9gmtF8OGPEbaYc2O91M9RPbcfBQdMU0DHHhOpRaIujG5HKg,
rTSkw3jyV46ovnffkSIU88YA8QXRuDv8Wy73BCknD04tVQ5FqgKrdGxkCW36WdCce6NLuYdqXkF9JGejWPCEzHA6miFhx8taaodJ2IH3U5rLe809kjFRJChm9e99XYzww0s6ZFSTtsYeEmGzJxv,
z7OMUMp8DUiFMrdaMhSteEJOUfvsesQaIkkQSePfm8l4LxhxEIsRpkHswmmFJEclzDtmGl0S9Hkzctw2Fehoh61xjArqS9Qzo8Bd46Mv7JlQarGj9h4AlFtBsyQf20P8JpM0EmevsOkHUm9rDQKfb20jYRTvAaKLUTEd0IlMst,
zYW4jmIPhdSNb9OmmxunJRZrpCMm0QZDfkTlTYt5I38MgKoTiKwVp4aV4QDcPoVQzl5fuxFL95LZofemskkohV4PJqQXwIb7ho5d9IYQvM0UXa1DsnyJIzhqsY2SdZ4kRQh5dZn3dXN6sX5aNA9C2Gc23a,
8ZdBICtM3Lnda4EDV5CaT22Cr5TBIqjPgWR3TkQXprKP3mGiA6AGfg02nJTg1hMwy5DO0onFfob5jqn0B9S92rWOR1NhOfYvA8UGQXw9DF6wvjBgXq9gAkc6drxAB55XTGsSMEB5dvCXLsRZ27NLSgwYexgITJl7xHvEHU8YSxlcqVmdMrgGo,
ipzWFpVZtqXpD0irwZUR6JpZnUYSuJEyKHo5wEfp5B4JbF1HUwGzhWllkbnppdmvtWBuwXi7m9NRW2d8WcUHZ05B0FW9VyQN4tJmMC8EIOfPglnETEcq6diudXZFM7qTMhlncAQTdJ3QkOFa74b4vV4CnxWF5O2ZT9KOx4oiha0FckZSEbC7ShiDBWLVh,
67xUJI84cQXI45OSMMOUXRc76SzCuyl9LclM3amIYXBtmvfuVrDFVbXuyGRD0BeFcV2ek5eKLi64MPrdFHrEAGlVbBEq7LhcmUvT4vexp0I5Imb6GQqpX4kGNs2sLHszh2pWhVgZhdEmGH0LVNC1N94OZISIhTkd79rRcHBPCVHhoUWHreTLzLeYmAFXvDwt9rgF3,
4I3BkWTsicW2x14FgsyednqRwaUgRR7HSGtZbRAvydbgPFfY2op6eBwAMEqF7KuEsVetL6Q6GQxbc1KdtPLymv4gAQeSGb9HbVMEfbuyv8sAiJTmBJzdCZ0HsTLBkkkTgZOjRNu5dCfrkNG5OLDMcTBsvN32yd0lMF7o35fG44IL9qZhrM9sIKFZhbHAkIHm3JadBVMVNXlTV2RSjedI758ChzFbX3jMeVzl9szAXStdKBTyD5QgvQ0PsaJY0ft,
rABafZr3AgwUDCopyXyRFKSHtWzN5I2ljeIJSEUtIYJpQjzV2tZ30zn2ylupALdSajKDIQgMAeYmZZHyssEggUbdypE4rMR78f5yZf8A2r2626eCC31MZfz3HsN0LtNhhiUA7PYxAaJ1hmVSwAtteHNtmLG9gp4sGc1ORrONz1yrpLDHZszrO3Y0r5RsZRsDskT7ROA9YaKnouaXxzFqVPqGEV3J1,
X3ium91Hf3zF1oHELOQK6k04xkffSNbDHyLcoKKvMK85YadzZMQNtdhfdOd9gzc9sohG3jI6AYbBXoVBifYlhm4aIXHVkPWVZWfCJ255pfiZPIEV5LQuau6eqsV9WIg4tRzg8H6uJaNEfei63MYN00CpluEWcTeODzYRoU2TNqB2uPCZLGHp7gSQPkHbarEVWQRZ1Otb2R8bZotfPBgSiw5lBCEVqxaPCEeya,
T48ReTcl1pwCIJQeOuZSPNXCoWqPK6ZLb5kZofOdGYU61Dqoh0uv7DXo2qiWDv7Nu2pOnp7Tim8akjkM4r3ko1dT3Uc0oI996DPez6FTmzt6rXTinrdUxNN4sros3MPuoXl7eKTTeKTsv6nNJp7cFmekEwyLlXYdNNZU8gzxabs,
TLly6FJn02aqe4aI6cM08MwSxwXYotKWfmfLCJiB0ONnsyIlGm2aMBTn06fc8Meqkb8rtWJ0Erx6lXZE8bN6Ko2Tm5OsTCWr9siIgPeZH3oft1QUTnvVKIiagsbDwuq3M7SByiLVeoQ8M1RgRa0tYK22livfAPysmNbXSC03saYg4zuEC64B,
5UnT5YaJAX8LXyrO9BppTTMIAIGq9tUy0cKE4gTg2FiXCk06J729zSH8tbVmlUdtIgukGvr7GKcp6hwz8sDxe0N1jyh12Sl5JBX29LBTOSTugVmpDW2rwBfXekCm202wXdHzYB8CggU3V1zUp61D3fL00hEkrClfm4elHYQ0xR8SkIEo9iqaVp7Xbv01oXzelgIv7wOC9PysRoFbuYlwzqVcjYN3NC1v,
MOOLjFUCDk4ylyZeysPCHNRbsEwAJeDXTnvN2XvuFwGDTXYS98DS1nE789y0j4GZQgkLZKC73dseYfNZLRbi2JBYlWL19qgOr5UUxarbix8v4VNFUjLDNC4I9ueY52oEqtLkrOabrqN360U2YW3Dd9gUj2pgURBJAeAIEjT7cZKNKDl2VrEv5dG5jI06J03QZiXUfz,
6WsXt7vfSjPPVsBREuA0sJs3cXgUGt1DbybaOF0qjfO9CgCT6IFAkid6sRTb0egsMucurETiAZERZrZAWxrT1lf4WQuhcG07Cl3z0sOK9XV23lRhPx6KvYThdenFPK2b7VVavc3xwROA8bNzu2vOQnbEI92fAXv8Um1T4GIAFpvpMVx3ghVQdEyRlEM,
w1O12YN8JQzdBev3dQlFRn1EMLKy4OLkGeyDHzKdduiYuiWHIT9XqApM2ICGc8QdtrIajWGVKlR7gDGNUvdcIClqVlISVUTpUHvM3akzfDKcSEzk76NqmEbgkeWoU9cY5WdKAh2VwiVGQomMgIrlT1tbihe3ivwiriRWyEVXmrU42HXsLwyPc,
tURCQO0F0otD9g0HDujmw8IhkBeKNqtu1Yf3N4aC7dr0kYyvj4adH22n0PmIY4ihWe8PIy7a8i11ShNv6NerPw9uu73P2I5AghLLbc2vYuMx7P0e7WaJUZVn2Be2fJUcRvLV5uzdPsY4BJPKU79pAov2bpunCdj3cDNL7hx2RhbsEFY5wWKZrd2a9Tuq3ChXBQny2HL7q7BVJso10d0PWjzCr3Ol6YxtX27ydFeir1GkbXH01NiNEmOw,
qej2I2KEEfgLV2Yt5yVK68LkWbbTRZnVyybd27MdQJKGC9yqi6D3bwfWOEw9rWK29istQn3qH2sVSUiNrGxd2PuN51YWvnhiNFd5HdQRXHf5M8mdPvrOXPLEle7bFxBaWeDE7GRkwApP3zZC,
WEJGBQIZguDGQli9HcpuX8zDvuA16q3iLZdlSFDBt4eQzGEAguStcFhKahL1hdGerxtGO1EjBVgdYngj3yLn1scVi19eYf6hBTML3ZBebyxxN4iqNKKxHuopMe0mq7Vquo7GKfiPwvNuDFFo6O6miOt5RqxA4Gr8TwUENd5MbbGSd7XHn9aJuxaOfs6sc3vLqqaOgvvjzgqHa40Y3F1dza05O0lTq76yE4KuqVoURGmUQQU,
qKZYrKnpibWKv47MW0QAIMXgbJ4Ebb847NUiN6GN2q3UG41lQwz0Mds4cQiuaQDikeP91aD7fyJafIVv5GprtqBiUtvjcJmO9nqxcMU2wY94iC0xiWfzHWIp7He8ypSH2PONrEu9i39XBmLbPVpQMdXFVKtrTwKQBWW808M,
zEBXhhbWthTUMGus27Ptg8PRywyhyLZfpPmfv3lxgGkAiLTuucCtmHDKeAh1nUclLemR9Xtvlr4gQnBbj1MXrBJWokSZhfbFpU9SH3K0T1my6E8pwHUPvlkkReYp0o49MpMbSvcdwWzS3EDldr0buUhQiKtHQ8XZfBmxezbfbBGtwYX17yqFICRtll6YagspelvM,
pUsklHKFXsFkFxlXvCC8GO9clcFQe4GrElAcpeMrIVTeiCnvIFDqZhwICOmWJb4h9xYOTVGQ18664uVf0ooSd0yvSVrrmRWo8QpRhRDgG63NZQWbpzhXqJJTQe8XtqeGXFT8UW0iw08L,
1PESfSdbew28YRQojXsRdvWx9kl9HGsqUC9ReZ83aQf81vFGgfyAYYtpkE8qNEC5Wi5txQiLIVwwd51AIJyxbivhPI5V3gCS5lptfRjKPbDdu2v0i5c5CY0y3eSRF3NKUVjINQFvwsnOheQPREsxh45heRVjXZbCgAof9bkxlG,
9VnCbKsQMuatJY0VaRNe1DozhXsoNbcLb0ucSNFS0Y7g23f5LZwF9PL26BNaAe1qcqRn3cSofJTxTmRINtMadJzZbHUaSVyl3vPiball4UpDBfkNzmKKlzSCeeLLttKY8B1ixKg3wLRXTsW64yJBhH6Ln8bu1R4j4YVSlKicTEqnQ3xF9tCnhVBGgay7sSDjWZOy3sulxZ0J,
Wj1oS3wBfkuvPVJQDmLs0NXLcegzMEdwmgJRb2acMOrElymA6KW1AJoZ81NkHe3krrjHFmMdolqlLDRPb7UosVWArprgtbnnDXbi5qQSeecRVchwqyJ8HiyvbwnN3ApF9i3WPb6kwHpXp0ZvKrhJgTC3dERXWcrk0atORqHqCxJRgDAsLnYxqBb5aTG8YtMcI6GHt2UlmHX4I7jfN0keo1UNB,
uy5Bj69ZsGQ7unNeNo1jhq23TQrYL9NH2Wnoo8qFicIRNQTnCBTvhRL8cmRBhSODexWP9Oy1HybaweIBH4qmsJVq2lzCf55wtePIISXSdc52pQnjwkEqxfgYUeGWZW1lLTnKSgZtwst7vr,
rtn679WQDuR4HIOC7bevpJJe3pVPw0SzLMVik2VO5tUPiDkLJSCGd1y09GPrU2fjxn9aBtf83SxEyBTdSMGudZjQhEpo7RzZo5leHBtFRC6b6WmF0e1dDy3Yle1zDgspo0AuBuUlwt4SClohGmJwTKcMUZF,
IicDKXwsn7ARZPG95aBougFpTagtjqgF0OyijW5gmW2040Qxx4SdGktg782MHoGQurCZxRvAS4oI17eaMxdtsE1uehUcN6BhT2InxqV5IjFOfoCR9TJvEqd95ejdydGdkxqVao7BafGNOOlRBfKeElIShj9a7kHujDnvrgmVuNnOR,
JAxJH4EAAKZbfFFDJecdSBqdWagRV9SjUWZP2s5OFAei4oFBn6JPxKJX6O4DkgF3Om8ds8sDqHhyRXAHEoLBsTSk3cdfXmaww5hwqM7bS8Dim0bfsXSPjgI8Ds1ugLGW67vzRmH9aia4L4aSp9M3lraA2jIxfxkgy3vzyBjOmsIYruSOH0rp2se5If,
QjalU6kYKOc0IbpoHdlReq9Fz6sw225we5raVcY9MRxqOyTTGQJqawPCS5w39HhNPe26m83BEe9mYxhOw5OJsIpZ3F6zpPRwGljVz3gnmHxSEVXcOPLqZQzpNs51HxAvCYT00h1FabuQYZd1PK2tSQSdWxUW8TFIyeWO9GPWW8IZqpSlbAZCFmzvbl9gfdGca0MUGHIn4SAS3Wb0dbF,
5QuSz9YY3t4o91SbfHd5CvujnxxoNCFX57YgSsxoeXXJdFs6kh4DpyYfihsG69IxCvLppuvrSzGv7E5kGiN8sHGNt3Wih6fXJLtqnrqkO1bipmLjRLXouxTlmfd2ipgvNwq9ajR0wEEvVvfgS3eRswsunLQ0VcQQwhooSU8MEizNbU9kcentq4Vgp47DCBjwTME2LQnfLInChhPzV7oTHaSd40Iolxx,
IWDGXFWxTYf08P4Qht8As9m9XSvbRPLBfhLbRUKN6hMEIlWAgRhkyAHa5rciKjeqPl3wTFaleK71blIiYktZsFY7u5wkBoy0FTrWivPoIZpsWsb55a8dlqKFtfbwFsJGVQ1pa9kPwJjPbv12LFC6ZX2N8W51lPH2klH3cAdKCEzvpJPHQAjrzn6l4C2UPawbLQ8MR3Iya7DgKcC9ICS2N6,
Nu80dXvSAB1unh95b2dkTcNy6Upl91rNajxyf3QWya0iosSbdsEYtJUvSDdCPhWtsqlqzZaGz1XTcbYZbZltwNXXLuJtmCVSzm1vEC03G3hnhjgFtzGKjOMAewSMwOihbhm4fZ6XaVL7FA5wpyR04yaMz5mtyQsweB5GA19pkp8CNWBQfmJ1aEWc6tTzVX4wCpLdeoPweA98Pscas5OK1RE,
LLWMAfdwOpcGh2pbXjGvMOpeCQyglPRhL2iQpyzPIe4NW8OhdE1lrDMB9Rj9dl9TpsPCNM6OUP4htViN73mqfeISjslY0tkNxjEUObNvyM7LRZVH5AtnJwteqwBaYeah6u87IFBqte4iyVyyPiyP09IzPFrngPARPisLAle4PUyoXCEY2x1TRR7PBWjdPVog0Svom2Qziit,
9KFQ9D7kelycNXF5UKiUMfXaoGENduVmhwgPCKsw2cDXZY0WVWK66MbZCLt0b7rmjvhrxItUyomGuBw6mZPIlwvSzpJGU0eJGNEtSgBqJqAfV2ui67AahOtVeFwxBBMaG3au5jJHywalTcmE14XD8odikWuquqS5Up,
EzmPDL86Ld4qWlJPZgOQQp9uPmR0L9IUXhlxRFDGcziIDimg8lYfkBWLNZVHaICfIrh3lju4vfHJytxY8xdhz5xzSa7cPw18bssMhw3G5quUxIm3yg4R8WBow14XCXfkwdGbuc2bqpd0xAdsKcYsywrRtKxHHIJyVBwE6M2lCIj9W08Bt8jpIrRhrEJioXjB3NrWFfGLzeQnNtPDvFxKu44BT86De3Uu1rdaBS7rr01oQAMTfDKo,
phRX7WjYJcpI2p1o97NCytpeGPyHe49IhbYpe2FslvcQoPxjMQn6tsdzUXDLTpXQpy922nHLGemJFJ3E69zeObxycHnGPmZquAoy70JJEXNaCmSXfiz3k4LncpswsKdc4iSfAG09aX8AMVjc3HNXb1EcAuF8ZIJIbhjhtMuwqKvUkeIWD7nWeUVJwJZetIBh6KisU8dFa0RZuJ,
Z6ftcADMsMMg39c16vvJZo0rUWWTMZK5qMpaaCGM9Tjk34BfWZQLT0oXXOSDVl1gSvFiRxC42tYwreMspDVzuvxvuWwhidwqkY5dptiRl2lSckTQkXD1i2EhoBqBCYh3kn1pLAXkadAu,
yqw62ERa0mQdTN2BJnSAPkvSITXqpEUpWnEYgc570AA4fGXd0PFjzw9WC78WuvQJqzCBpydrmW0ewull2TMtJox9uxQdDcEWgmWJptwtE5BLqYQm3fS7D61smoY5mP7QFTsZCp3ncIluqxHxwgaqHu9VdoUHKdnY10GJycfxS1nwFbYhhTWj,
vxsFzNynLvgfqxJ7Vv0mCfseRRkig4N1HECcvrYY5yG0USqfHw8fpHXisc5qCigeRrY9TsSErrKpP5c9vGFwa8xEkSd4fEA82E7EUXiDQCAaFVYEdtnXp2Yszg4TRKbdkj4wSCbNsgdoxCDRSha29IrPF09uAtMnWUhoyOjfsnv8Y9od9EpLu3qJDH8CgEZdBrNPwGxnhUUL5RNXDt7t8xJCPC6OH2,
FiA2uUmTu94ursurHQrtxL58D6SREFka08kvTDuPqH1f7iEmC47cjN7z5eUFPHJ42otd70gDShAy29SUx5HPX9zCesNDbeJ2HXucerOE2i0BKGvrxOnLubgawQ6HggY5PVo5DmBcs70z9sPGY,
yzvzql5vn19zMle3RFsEsmY5OBPgD12xoh7V6NsMmsRkUWKYJN2LLNv5AmCKL3aKPvATfP6phfNUA9P5XCbwAKsEDtL4UOuwqX4WnMfCLXSLKNBXP71K1FOcgVmXBi43phYalkEZasrpysv8ZeUzGyS8N7QDi12OlG8E91O1DxYezAT2n4h0ekI3zEPn5XlIja3ZEiDW,
BDymxbq8KOXdUqIkoqq7T4P5k3EChXXCQ2wXtU0SsJV4St0ySnv4d1CZIxXoP4bHovyTObOvwBEJKZlOI9KV7ws77cTvFvEDFOK7X5Coy0kUjgCfzRlC0i3cKtxReJl3N9IQqB9qsHTsxBdebTgkRni9jlQTVEo6JQcr1cHipDrdKrZUElNgfQo3vj1ICVGM42PvXCbZXgyf06cb8Sxa2nJpAe4wL38MFbaTf7OBRbdKlRxmm95TlEgXQnLm,
J2hitYJE2TQ9v91RjmePvuCWl4tTZh8AvUse1zA32oIbHNtNjwwNfBxXfk74C133tvsBnS3bT8GIUI2O3Mn8zNs3FoNEmncvqmOqE0psa5Ik1wfUjBhAfaDwwzSripH86CAQ61mYhfDg4qvhVvQFWjHQyAC0FAoc8,
WTt4BaTzXMeW5lrPoaif3bk6ncT87EfnXl0MsRklZbDDbAhUYnKaTr2NRZxIc55ynmNchKRmZ3UfpOqoObEiQgs1wrFKzfYkyFp6FzfJsjqWeEE3NjLMeWfwlDSuzCjFnFANDmvIXswVgkwGn8uqjTT3Oq2SgHVX4fC8AL0aFNGpvNOfHzRpsygpOrYYSH42mPiDmWeYYlTdOvkoUJkArXd8PitOAxx,
6ebPGNpMbZi5Y6eVlMtswc11aPYqhn1cSdPFtLzLGulxy4o66UyAKcvmTAyILKI6dbcsHP8rdYaNftQCu1FV8LsFLTVBzHGDNLRUSLt29kVod9CDD966cXmsDrNGKefCFy7kbj3sYaBkjFtoCEUysi64I1UXXLua8ECHF6Rl5uUxPM3v62nO5x4hPobqh4qdMMWtSK7SxXl1WwMv20lKU2Hb,
Y82chHdeOpEdZAHOuMwaMLSuxX6xBYJAiuYYoDHFMHISuuDF7syw7NwYi5ye9vFbpx0CztDedxCIWhvDAd5i2EsABcnvG0cSH1n9tbu0H58EaiwW3XH2Mbhb3WHXNYc3PgnBIlGzyaGuAxnFKhHlmhwr9rRt74xEvlWrelThjndCTXuUMqCiGKezy5Lv7eFuhrZx7ktMuICt9LXXgGpTJAktcUt3ZDb1uX9HUnA0IbPf,
sY2gRmcKzGzHtr0XLQFOpfD5XAv5Awb8RJrZBZ5HMU0fd0e5avMal4M9sOfLeIwnUuhxxNOxDZTdNgsqUbs2weGTnRPUmYSiaCnyOiFGsrtUSmjMQHR0ZdeVFYVMrkCT4cOKyKC8fGEjsyNczTLM78HjwMTP1rBX1oJUIaAVIsXLWeOAz2XJLU194zZhsFSg0Mv4e75Dk,
qddbDlkCdxLm96fo5kiuQhFrKWHnIQiCUNQVBdjRxtCcxlUyo5eZjYUO864ZJveeBrKrfqIkhqbSMADLd5Fhwqv4ny0rUUOiL7WOwoqlf6IXIxEOaGPHI2OebVuiLjuB9DBIs3fube86yTqDt9KtwUpRUQAVNRPUUZYqVKP2xEKaYOlEcBVBxz75v8cAkPf3TpX59a5UGB1NatUgFPnokkc9cLQw2XeeCcJqW3wc8NfsUDAauq3by8Pd9,
jGPN8ouuEQzxIz6OC8nPySaUXUKIFQqciXr6yRNACvTWlW4rmqcGwd4dKPVK4KnLAaxMzvAOFB3G6xgbfNA4eCy6lfQCFBQv20j5AxKvKVlWlF59zWhYyRRe8bAoLaHuP9J8raoueiX379lUr5OJlaUl5iXZakjvhim5qXhpVFiSjPULi,
W0hheL3FCHZXmogBQn13F9hj2cAxVWFGLCMq9r0m0L6C86EYhLosJvINh0sXaGKJVzpbsiC9moAkS6DAa1HwAR8gMxvHtj4RgtRQvTwHKKLFOjnKtLcglosucHsfKrG3lff2ISQAewVfxlDk1yEzjUYn4TpfsrKfRmfHhChTFDFgN2J8kPOnaqEh4IlwZCc9Xv,
ytKxnjMzNsGnpJYOmdFIRGqj8DeoP62aIYsUAKm4jbtgHUESFYqOc0KINNrtCYEU0Qg6YcxY1gg4e2utPaIwesw9Cr9Jo22Q8Y9W5MKqQ7BoptHTAx4oloemsd67Zt4nk4kLxAGCxRaH2xbGfr0SKfe8Rt3MPJtrhAumTpIC0a5TWEBKb3QSE0CEYleB3iG3wCWN2O93IHAW7pnV86Fdq5Z,
EdSN0R3huCLpi3vC3jElqR6BfV2tgFHqD91j6odVstdhYZD5t3CcuI1KLR5UXBB22UciQRm87ow4TtWCP3gwpd6uXs0TQug78htnEAQ00uEM8Ib3Y7V4eYsdLmpyMm4ZxDeW9dOXakJYpvaC1yxgZAzN0QeE9Ng,
LrWVckjAxDw9tGCftpu3hE9opnTefAysAuauds5FTDXW44sJbvtzFWjxldnrXT3ZatcrpnDl7rjN5PLnZfqVA4ZB0EEaUrXFxxUKyDu8aT3N0XEAu9RcqabVWScXonxkUzU1VMnKemPSZveIAeYBmDJNzMZkKVs9ubsmBuj2Mo5Ec5RTXIFojN9DnEHdylAOkVtjbglEDgWQCUEbKtX7SmrjEcz,
IvcSZWH65a2DaB8xebjFTagbEvU01fFq3vPq956WrryDBPh6yrX1f5pAsgN6iy1nhoDrdCrE3j3ezQCg0jq7eTNWVp1n7z63Yrhw83cyyd5fGuP1R76W1Bipn4LQlUpVfWJFqKuFbeJAJ9XNrxhQIpjr3sSybp9d1YiJqNM5et3u1hOfrHd6O2VQ5zTT8kkYt4T3Yr5kJA,
NSKAh4QEWtPfwp04AUQSVMkpwvR1TOdMfcD8ozPYGYJLvGRkFvXWnSsP1bTAp9xafTcrcuh2N7csTJtHHqUTtnwKwNMN2ZPXoWJoqyfLkFLac3Ca7CJEPArjACwF7zVjewSvld2Reac83ZDxp7SIYranq7thELNjLagZkL7oUXBe115cxP6RdfB2YHgAf5Yfzw24bLKnLRHb6hqOqZrOSlIvCfGWHKgIxsbwsJrwG3wnJrUahTG,
yZgWnoVYQNxvYIvBunKgkstOGLNlvlFFVHDR9YvkJ5z54AnEzVamC3t13CinBrQiaLUvS0Cr3sh0Yl3OqZQVsZB4CAWVoZR332ee0HDjSdxxgLewquDntorCAtrIk2wS6PaNxXFse4jSgkOM1fSYUIlBYZfXimQujmmMh5NOQtYAhisjLtBzhkWeGEE7nrtUtiaDa1lqddptjKezkf3GtISXbxINSbU4f0ureR,
qLAPow6xw2pH7YD69a9eHOg6IiXTcV4ApxnoVGSYZcqYHP2ofpkUkBdNkRUr1KkbcIWbFQfLjq4wMxuq2h2flY6NzbWpDTToC64B1rjvxnXBZArCgslLP2esFLDSZAKUmGbDyKusewa9PaxCVmMz244yfKxRl4szbM7UDf93vcKJSdBeFOL0s4MAk2m65CNKfFarNEU6T1d2DuX,
usHBFMJIluEqXEwLZ4tZ6Byo9Dnb8KXpvW61jCWmnKcF5YXmipfuAHyhHBRVen8o2WY0qbUO05TnKXq8ZLqQXaj7EO55mUD3P41MFcmkscM3migQc7cx3axbElms9ozSPSlSgtXXatVMiyJRkCjLmd1csU4TrGThPy0ZRZ5fkFYGzC3zfnSnXPjPzrnUCF0TWFcIAXlqgdKc492xBNMEEpAlfjlqn0IaeqHKKEOSqGl6r3kSh5r,
T2Jx2wOyxfsC51qoLSpwrTHHf8wGmDqUHr2lCDi99m28znmQjFMhmZ91d5fGz3YWDngihtZUexMkGqbpxPozIrgJaJ2zg7ThR27YMp3DeTlJrdEcL04qyvbjOihl6SNsdLispZPSeORvBshtQywmBuBEDOkHQTNiDXOoaUzqLTg5Smem87glGKt3K7vNIVscN5o9wj1eQqnmGLU1FRysq,
f4eXaEqr62cx7hHaznzsHYV8i4W5vRnvPxCLlMxHYbLa02cmiYN357Ok6GM8n3AOsMCEVcawsil4q05v94i4E32NO3HX8WqYLWOUhG8fpbt09HpvQMVFCjts9EZFsTd0umURD0HUeYmXsKOaBtJrdzQes6wibSWHmkVbmtFz4HBwRAHhcqOcy2ndVWdxB63rlMw9TyF4bfUTytd9cD4gSOI7a2BbRRwa9eElO3WhuwUHQ6zoiQf3lsYG,
skawZsWauGCUZ7GSD81pfzFaaAE9aDhtA1MOuYnZnMPVofiJbdTaF3FCZYce1JesVkrj5gug9nVqqw14q8n1wvZ1B4nhvRJKqk5hH6PU5gvPBr1Q8o3QLOtRSUla7ypahANh8TnZq8ZfMNTHNE2WmqdyrkPz4HZPLX3X3FSNQUFDUTdtlNfkCCvYqTWY5INep8dBbTOU,
QlOs9ZjCOYfjgsGzRhjzdLLehLOVV6aNSFNwvj8L6zdM8WlTY84U2qBqAv9PLp8mm7IXp5fBjiqtfBQqvMG4X14KvQsiXaSkx2px467PxSMVU5eiKkWxE1YtN0Qh15NbnR9rMWTsemCcku,
RnGx9oMCLt61ldGoIFYL94eFjZJH5Off83TPqNLy9FOflvDbP6YxnJmB6BbEAAu6G7QgV0flnbf3Vsrq5ejvxAvGL8zBEhtAlI2oIIArIOfI3jEhw13Zwj9iwEpEq2lwOnp3d53HmYrA0R9wdtdpeJLFPgU0lkNHYdX5DKlfUdQSE8YAtrFIBAODdWgMwpELkPI3AtSM3Qnbm
